name,bioguide_id,state,Freq_x,thomas_id,Freq_y,NId
"Abraham, Ralph Lee",A000374,LA,298.0,,,0
"Adams, Alma S.",A000370,NC,292.0,02201,1.0,1
"Aderholt, Robert B.",A000055,AL,139.0,01460,1499.0,2
"Aguilar, Pete",A000371,CA,282.0,,,3
"Alexander, Lamar",A000360,TN,202.0,01695,1133.0,4
"Allen, Rick W.",A000372,GA,276.0,,,5
"Amash, Justin",A000367,MI,63.0,02029,157.0,6
"Amodei, Mark E.",A000369,NV,344.0,02090,436.0,7
"Ashford, Brad",A000373,NE,406.0,,,8
"Ayotte, Kelly",A000368,NH,481.0,02075,531.0,9
"Babin, Brian",B001291,TX,405.0,,,10
"Baldwin, Tammy",B001230,WI,471.0,01558,3467.0,11
"Barletta, Lou",B001269,PA,336.0,02054,522.0,12
"Barr, Andy",B001282,KY,328.0,02131,249.0,13
"Barrasso, John",B001261,WY,226.0,01881,748.0,14
"Barton, Joe",B000213,TX,148.0,00062,2723.0,15
"Bass, Karen",B001270,CA,339.0,01996,687.0,16
"Beatty, Joyce",B001281,OH,510.0,02153,358.0,17
"Becerra, Xavier",B000287,CA,161.0,00070,1920.0,18
"Benishek, Dan",B001271,MI,258.0,02027,583.0,19
"Bennet, Michael F.",B001267,CO,366.0,01965,719.0,20
"Bera, Ami",B001287,CA,227.0,02102,242.0,21
"Beyer, Donald S., Jr.",B001292,VA,429.0,,,22
"Bilirakis, Gus M.",B001257,FL,302.0,01838,1114.0,23
"Bishop, Mike",B001293,MI,288.0,,,24
"Bishop, Rob",B001250,UT,215.0,01753,1627.0,25
"Bishop, Sanford D., Jr.",B000490,GA,302.0,00091,4043.0,26
"Black, Diane",B001273,TN,346.0,02063,526.0,27
"Blackburn, Marsha",B001243,TN,376.0,01748,2305.0,28
"Blum, Rod",B001294,IA,264.0,,,29
"Blumenauer, Earl",B000574,OR,665.0,00099,4364.0,30
"Blumenthal, Richard",B001277,CT,563.0,02076,946.0,31
"Blunt, Roy",B000575,MO,359.0,01464,2284.0,32
"Boehner, John A.",B000589,OH,3.0,00102,1852.0,33
"Bonamici, Suzanne",B001278,OR,376.0,02092,511.0,34
"Booker, Cory A.",B001288,NJ,367.0,02194,158.0,35
"Boozman, John",B001236,AR,310.0,01687,2185.0,36
"Bordallo, Madeleine Z.",B001245,GU,336.0,01723,3003.0,37
"Bost, Mike",B001295,IL,201.0,,,38
"Boustany, Charles W., Jr.",B001255,LA,401.0,01787,1343.0,39
"Boxer, Barbara",B000711,CA,437.0,00116,8264.0,40
"Boyle, Brendan F.",B001296,PA,356.0,,,41
"Brady, Kevin",B000755,TX,147.0,01468,1863.0,42
"Brady, Robert A.",B001227,PA,367.0,01469,3384.0,43
"Brat, Dave",B001290,VA,268.0,02203,2.0,44
"Bridenstine, Jim",B001283,OK,233.0,02155,225.0,45
"Brooks, Mo",B001274,AL,332.0,01987,455.0,46
"Brooks, Susan W.",B001284,IN,275.0,02129,210.0,47
"Brown, Corrine",B000911,FL,423.0,00132,4425.0,48
"Brown, Sherrod",B000944,OH,483.0,00136,5142.0,49
"Brownley, Julia",B001285,CA,498.0,02106,439.0,50
"Buchanan, Vern",B001260,FL,172.0,01840,842.0,51
"Buck, Ken",B001297,CO,156.0,,,52
"Bucshon, Larry",B001275,IN,233.0,02018,424.0,53
"Burgess, Michael C.",B001248,TX,319.0,01751,1647.0,54
"Burr, Richard",B001135,NC,252.0,00153,2406.0,55
"Bustos, Cheri",B001286,IL,359.0,02127,307.0,56
"Butterfield, G. K.",B001251,NC,305.0,01761,1825.0,57
"Byrne, Bradley",B001289,AL,330.0,02197,104.0,58
"Calvert, Ken",C000059,CA,226.0,00165,4093.0,59
"Cantwell, Maria",C000127,WA,299.0,00172,2300.0,60
"Capito, Shelley Moore",C001047,WV,301.0,01676,1650.0,61
"Capps, Lois",C001036,CA,299.0,01471,3677.0,62
"Capuano, Michael E.",C001037,MA,336.0,01564,3286.0,63
"Cardenas, Tony",C001097,CA,505.0,02107,405.0,64
"Cardin, Benjamin L.",C000141,MD,383.0,00174,4044.0,65
"Carney, John C., Jr.",C001083,DE,224.0,01999,343.0,66
"Carper, Thomas R.",C000174,DE,212.0,00179,3090.0,67
"Carson, Andre",C001072,IN,412.0,01889,1761.0,68
"Carter, Earl L. ""Buddy""",C001103,GA,323.0,,,69
"Carter, John R.",C001051,TX,161.0,01752,1618.0,70
"Cartwright, Matt",C001090,PA,662.0,02159,732.0,71
"Casey, Robert P., Jr.",C001070,PA,389.0,01828,1846.0,72
"Cassidy, Bill",C001075,LA,226.0,01925,640.0,73
"Castor, Kathy",C001066,FL,316.0,01839,1210.0,74
"Castro, Joaquin",C001091,TX,167.0,02163,125.0,75
"Chabot, Steve",C000266,OH,373.0,00186,2144.0,76
"Chaffetz, Jason",C001076,UT,179.0,01956,873.0,77
"Chu, Judy",C001080,CA,671.0,01970,1272.0,78
"Cicilline, David N.",C001084,RI,598.0,02055,975.0,79
"Clark, Katherine M.",C001101,MA,455.0,02196,242.0,80
"Clarke, Yvette D.",C001067,NY,528.0,01864,1903.0,81
"Clawson, Curt",C001102,FL,165.0,02200,39.0,82
"Clay, Wm. Lacy",C001049,MO,278.0,01654,3148.0,83
"Cleaver, Emanuel",C001061,MO,219.0,01790,1886.0,84
"Clyburn, James E.",C000537,SC,120.0,00208,2213.0,85
"Coats, Daniel",C000542,IN,156.0,00209,2561.0,86
"Cochran, Thad",C000567,MS,232.0,00213,5996.0,87
"Coffman, Mike",C001077,CO,351.0,01912,961.0,88
"Cohen, Steve",C001068,TN,791.0,01878,3137.0,89
"Cole, Tom",C001053,OK,304.0,01742,1565.0,90
"Collins, Chris",C001092,NY,363.0,02151,274.0,91
"Collins, Doug",C001093,GA,228.0,02121,186.0,92
"Collins, Susan M.",C001035,ME,388.0,01541,3308.0,93
"Comer, James",C001108,KY,1.0,,,94
"Comstock, Barbara",C001105,VA,291.0,,,95
"Conaway, K. Michael",C001062,TX,177.0,01805,1650.0,96
"Connolly, Gerald E.",C001078,VA,483.0,01959,1781.0,97
"Conyers, John, Jr.",C000714,MI,674.0,00229,10383.0,98
"Cook, Paul",C001094,CA,310.0,02103,235.0,99
"Coons, Christopher A.",C001088,DE,474.0,01984,725.0,100
"Cooper, Jim",C000754,TN,184.0,00231,2435.0,101
"Corker, Bob",C001071,TN,106.0,01825,514.0,102
"Cornyn, John",C001056,TX,300.0,01692,1538.0,103
"Costa, Jim",C001059,CA,256.0,01774,1364.0,104
"Costello, Ryan A.",C001106,PA,375.0,,,105
"Cotton, Tom",C001095,AR,240.0,02098,329.0,106
"Courtney, Joe",C001069,CT,316.0,01836,1921.0,107
"Cramer, Kevin",C001096,ND,486.0,02144,354.0,108
"Crapo, Mike",C000880,ID,262.0,00250,2453.0,109
"Crawford, Eric A. ""Rick""",C001087,AR,194.0,01989,457.0,110
"Crenshaw, Ander",C001045,FL,186.0,01643,1020.0,111
"Crowley, Joseph",C001038,NY,275.0,01604,3562.0,112
"Cruz, Ted",C001098,TX,237.0,02175,171.0,113
"Cuellar, Henry",C001063,TX,165.0,01807,1122.0,114
"Culberson, John Abney",C001048,TX,229.0,01670,1478.0,115
"Cummings, Elijah E.",C000984,MD,395.0,00256,4174.0,116
"Curbelo, Carlos",C001107,FL,355.0,,,117
"Daines, Steve",D000618,MT,271.0,02138,218.0,118
"Davidson, Warren",D000626,OH,21.0,,,119
"Davis, Danny K.",D000096,IL,356.0,01477,4689.0,120
"Davis, Rodney",D000619,IL,373.0,02126,358.0,121
"Davis, Susan A.",D000598,CA,319.0,01641,2547.0,122
"DeFazio, Peter A.",D000191,OR,452.0,00279,6359.0,123
"DeGette, Diana",D000197,CO,217.0,01479,2552.0,124
"DeLauro, Rosa L.",D000216,CT,425.0,00281,4931.0,125
"DeSantis, Ron",D000621,FL,214.0,02116,214.0,126
"DeSaulnier, Mark",D000623,CA,535.0,,,127
"DelBene, Suzan K.",D000617,WA,414.0,02096,344.0,128
"Delaney, John K.",D000620,MD,344.0,02133,288.0,129
"Denham, Jeff",D000612,CA,180.0,01995,345.0,130
"Dent, Charles W.",D000604,PA,204.0,01799,1174.0,131
"DesJarlais, Scott",D000616,TN,300.0,02062,378.0,132
"Deutch, Theodore E.",D000610,FL,418.0,01976,796.0,133
"Diaz-Balart, Mario",D000600,FL,160.0,01717,1268.0,134
"Dingell, Debbie",D000624,MI,323.0,,,135
"Doggett, Lloyd",D000399,TX,224.0,00303,2057.0,136
"Dold, Robert J.",D000613,IL,327.0,02013,229.0,137
"Donnelly, Joe",D000607,IN,210.0,01850,750.0,138
"Donovan, Daniel M., Jr.",D000625,NY,199.0,,,139
"Doyle, Michael F.",D000482,PA,219.0,00316,3092.0,140
"Duckworth, Tammy",D000622,IL,389.0,02123,215.0,141
"Duffy, Sean P.",D000614,WI,211.0,02072,339.0,142
"Duncan, Jeff",D000615,SC,364.0,02057,715.0,143
"Duncan, John J., Jr.",D000533,TN,291.0,00322,3495.0,144
"Durbin, Richard",D000563,IL,3.0,00326,6614.0,145
"Durbin, Richard J.",D000563,IL,479.0,,,146
"Edwards, Donna F.",E000290,MD,440.0,01894,1043.0,147
"Ellison, Keith",E000288,MN,600.0,01857,2699.0,148
"Ellmers, Renee L.",E000291,NC,301.0,02036,565.0,149
"Emmer, Tom",E000294,MN,281.0,,,150
"Engel, Eliot L.",E000179,NY,434.0,00344,6104.0,151
"Enzi, Michael B.",E000285,WY,249.0,01542,1934.0,152
"Ernst, Joni",E000295,IA,191.0,,,153
"Eshoo, Anna G.",E000215,CA,452.0,00355,3869.0,154
"Esty, Elizabeth H.",E000293,CT,423.0,02114,368.0,155
"Evans, Dwight",E000296,PA,2.0,,,156
"Farenthold, Blake",F000460,TX,409.0,02067,587.0,157
"Farr, Sam",F000030,CA,397.0,00368,4425.0,158
"Fattah, Chaka",F000043,PA,295.0,00371,3276.0,159
"Feinstein, Dianne",F000062,CA,444.0,01332,4116.0,160
"Fincher, Stephen Lee",F000458,TN,190.0,02064,413.0,161
"Fischer, Deb",F000463,NE,243.0,02179,191.0,162
"Fitzpatrick, Michael G.",F000451,PA,359.0,01797,940.0,163
"Flake, Jeff",F000444,AZ,228.0,01633,1256.0,164
"Fleischmann, Charles J. ""Chuck""",F000459,TN,184.0,02061,294.0,165
"Fleming, John",F000456,LA,177.0,01924,804.0,166
"Flores, Bill",F000461,TX,264.0,02065,565.0,167
"Forbes, J. Randy",F000445,VA,254.0,01683,1822.0,168
"Fortenberry, Jeff",F000449,NE,231.0,01793,1053.0,169
"Foster, Bill",F000454,IL,303.0,01888,544.0,170
"Foxx, Virginia",F000450,NC,105.0,01791,1231.0,171
"Frankel, Lois",F000462,FL,363.0,02119,292.0,172
"Franken, Al",F000457,MN,501.0,01969,1024.0,173
"Franks, Trent",F000448,AZ,414.0,01707,2126.0,174
"Frelinghuysen, Rodney P.",F000372,NJ,153.0,00414,1334.0,175
"Fudge, Marcia L.",F000455,OH,345.0,01895,1171.0,176
"Gabbard, Tulsi",G000571,HI,294.0,02122,242.0,177
"Gallego, Ruben",G000574,AZ,300.0,,,178
"Garamendi, John",G000559,CA,440.0,01973,868.0,179
"Gardner, Cory",G000562,CO,296.0,01998,407.0,180
"Garrett, Scott",G000548,NJ,137.0,01737,1765.0,181
"Gibbs, Bob",G000563,OH,238.0,02049,405.0,182
"Gibson, Christopher P.",G000564,NY,424.0,02043,510.0,183
"Gillibrand, Kirsten E.",G000555,NY,499.0,01866,1799.0,184
"Gohmert, Louie",G000552,TX,232.0,01801,1390.0,185
"Goodlatte, Bob",G000289,VA,237.0,00446,2503.0,186
"Gosar, Paul A.",G000565,AZ,463.0,01992,562.0,187
"Gowdy, Trey",G000566,SC,133.0,02058,353.0,188
"Graham, Gwen",G000575,FL,201.0,,,189
"Graham, Lindsey",G000359,SC,194.0,00452,2228.0,190
"Granger, Kay",G000377,TX,140.0,01487,1496.0,191
"Grassley, Chuck",G000386,IA,344.0,00457,5645.0,192
"Graves, Garret",G000577,LA,108.0,,,193
"Graves, Sam",G000546,MO,244.0,01656,1410.0,194
"Graves, Tom",G000560,GA,148.0,01979,360.0,195
"Grayson, Alan",G000556,FL,479.0,01914,794.0,196
"Green, Al",G000553,TX,283.0,01803,2007.0,197
"Green, Gene",G000410,TX,286.0,00462,4770.0,198
"Griffith, H. Morgan",G000568,VA,231.0,02070,322.0,199
"Grijalva, Raul M.",G000551,AZ,920.0,01708,6053.0,200
"Grothman, Glenn",G000576,WI,327.0,,,201
"Guinta, Frank C.",G000570,NH,227.0,02038,167.0,202
"Guthrie, Brett",G000558,KY,258.0,01922,716.0,203
"Gutierrez, Luis V.",G000535,IL,405.0,00478,4497.0,204
"Hahn, Janice",H001063,CA,310.0,02089,624.0,205
"Hanabusa, Colleen W.",H001050,HI,5.0,02010,450.0,206
"Hanna, Richard L.",H001051,NY,364.0,02044,642.0,207
"Hardy, Cresent",H001070,NV,179.0,,,208
"Harper, Gregg",H001045,MS,271.0,01933,693.0,209
"Harris, Andy",H001052,MD,218.0,02026,569.0,210
"Hartzler, Vicky",H001053,MO,273.0,02032,559.0,211
"Hastings, Alcee L.",H000324,FL,846.0,00511,5468.0,212
"Hatch, Orrin G.",H000338,UT,360.0,01351,5852.0,213
"Heck, Denny",H001064,WA,297.0,02170,249.0,214
"Heck, Joseph J.",H001055,NV,283.0,02040,421.0,215
"Heinrich, Martin",H001046,NM,341.0,01937,834.0,216
"Heitkamp, Heidi",H001069,ND,289.0,02174,201.0,217
"Heller, Dean",H001041,NV,290.0,01863,994.0,218
"Hensarling, Jeb",H001036,TX,250.0,01749,1232.0,219
"Herrera Beutler, Jaime",H001056,WA,155.0,02071,252.0,220
"Hice, Jody B.",H001071,GA,261.0,,,221
"Higgins, Brian",H001038,NY,370.0,01794,1762.0,222
"Hill, J. French",H001072,AR,214.0,,,223
"Himes, James A.",H001047,CT,279.0,01913,858.0,224
"Hinojosa, Ruben",H000636,TX,333.0,01490,2999.0,225
"Hirono, Mazie K.",H001042,HI,391.0,01844,1946.0,226
"Hoeven, John",H001061,ND,196.0,02079,407.0,227
"Holding, George",H001065,NC,150.0,02143,162.0,228
"Honda, Michael M.",H001034,CA,856.0,01634,4289.0,229
"Hoyer, Steny H.",H000874,MD,95.0,00566,3866.0,230
"Hudson, Richard",H001067,NC,253.0,02140,209.0,231
"Huelskamp, Tim",H001057,KS,246.0,02020,492.0,232
"Huffman, Jared",H001068,CA,579.0,02101,508.0,233
"Huizenga, Bill",H001058,MI,226.0,02028,570.0,234
"Hultgren, Randy",H001059,IL,241.0,02015,520.0,235
"Hunter, Duncan D.",H001048,CA,247.0,01909,738.0,236
"Hurd, Will",H001073,TX,155.0,,,237
"Hurt, Robert",H001060,VA,128.0,02069,246.0,238
"Inhofe, James M.",I000024,OK,308.0,00583,3886.0,239
"Isakson, Johnny",I000055,GA,330.0,01608,2517.0,240
"Israel, Steve",I000057,NY,463.0,01663,3163.0,241
"Issa, Darrell E.",I000056,CA,178.0,01640,1823.0,242
"Jackson Lee, Sheila",J000032,TX,699.0,00588,1277.0,243
"Jeffries, Hakeem S.",J000294,NY,377.0,02149,239.0,244
"Jenkins, Evan H.",J000297,WV,164.0,,,245
"Jenkins, Lynn",J000290,KS,424.0,01921,870.0,246
"Johnson, Bill",J000292,OH,382.0,02046,836.0,247
"Johnson, Eddie Bernice",J000126,TX,325.0,00599,4323.0,248
"Johnson, Henry C. ""Hank,"" Jr.",J000288,GA,437.0,01843,2029.0,249
"Johnson, Ron",J000293,WI,251.0,02086,318.0,250
"Johnson, Sam",J000174,TX,260.0,00603,2728.0,251
"Jolly, David",J000296,FL,343.0,02199,145.0,252
"Jones, Walter B., Jr.",J000255,NC,598.0,00612,4083.0,253
"Jordan, Jim",J000289,OH,160.0,01868,793.0,254
"Joyce, David P.",J000295,OH,348.0,02154,315.0,255
"Kaine, Tim",K000384,VA,246.0,02176,178.0,256
"Kaptur, Marcy",K000009,OH,493.0,00616,8233.0,257
"Katko, John",K000386,NY,305.0,,,258
"Keating, William R.",K000375,MA,446.0,02025,563.0,259
"Kelly, Mike",K000376,PA,403.0,02051,524.0,260
"Kelly, Robin L.",K000385,IL,345.0,02190,244.0,261
"Kelly, Trent",K000388,MS,124.0,,,262
"Kennedy, Joseph P., III",K000379,MA,277.0,02172,261.0,263
"Kildee, Daniel T.",K000380,MI,301.0,02134,192.0,264
"Kilmer, Derek",K000381,WA,556.0,02169,359.0,265
"Kind, Ron",K000188,WI,445.0,01498,2623.0,266
"King, Angus S., Jr.",K000383,ME,307.0,02185,228.0,267
"King, Peter T.",K000210,NY,419.0,00635,3731.0,268
"King, Steve",K000362,IA,266.0,01724,1549.0,269
"Kinzinger, Adam",K000378,IL,248.0,02014,505.0,270
"Kirk, Mark Steven",K000360,IL,448.0,01647,2098.0,271
"Kirkpatrick, Ann",K000368,AZ,418.0,01907,528.0,272
"Kline, John",K000363,MN,248.0,01733,1802.0,273
"Klobuchar, Amy",K000367,MN,487.0,01826,1622.0,274
"Knight, Stephen",K000387,CA,213.0,,,275
"Kuster, Ann M.",K000382,NH,469.0,02145,456.0,276
"LaHood, Darin",L000585,IL,96.0,,,277
"LaMalfa, Doug",L000578,CA,358.0,02100,332.0,278
"Labrador, Raul R.",L000573,ID,133.0,02011,291.0,279
"Lamborn, Doug",L000564,CO,267.0,01834,1631.0,280
"Lance, Leonard",L000567,NJ,343.0,01936,832.0,281
"Langevin, James R.",L000559,RI,453.0,01668,2374.0,282
"Lankford, James",L000575,OK,211.0,02050,448.0,283
"Larsen, Rick",L000560,WA,280.0,01675,1855.0,284
"Larson, John B.",L000557,CT,367.0,01583,2335.0,285
"Latta, Robert E.",L000566,OH,289.0,01885,1294.0,286
"Lawrence, Brenda L.",L000581,MI,478.0,,,287
"Leahy, Patrick J.",L000174,VT,320.0,01383,5433.0,288
"Lee, Barbara",L000551,CA,831.0,01501,6176.0,289
"Lee, Mike",L000577,UT,218.0,02080,421.0,290
"Levin, Sander M.",L000263,MI,326.0,00683,5146.0,291
"Lewis, John",L000287,GA,399.0,00688,7382.0,292
"Lieu, Ted",L000582,CA,604.0,,,293
"Lipinski, Daniel",L000563,IL,346.0,01781,1586.0,294
"LoBiondo, Frank A.",L000554,NJ,234.0,00699,2509.0,295
"Loebsack, David",L000565,IA,455.0,01846,1739.0,296
"Lofgren, Zoe",L000397,CA,676.0,00701,4966.0,297
"Long, Billy",L000576,MO,235.0,02033,672.0,298
"Loudermilk, Barry",L000583,GA,202.0,,,299
"Love, Mia B.",L000584,UT,189.0,,,300
"Lowenthal, Alan S.",L000579,CA,677.0,02111,596.0,301
"Lowey, Nita M.",L000480,NY,284.0,00709,5206.0,302
"Lucas, Frank D.",L000491,OK,165.0,00711,1427.0,303
"Luetkemeyer, Blaine",L000569,MO,288.0,01931,899.0,304
"Lujan Grisham, Michelle",L000580,NM,395.0,02146,261.0,305
"Lujan, Ben Ray",L000570,NM,272.0,01939,823.0,306
"Lummis, Cynthia M.",L000571,WY,246.0,01960,870.0,307
"Lynch, Stephen F.",L000562,MA,311.0,01686,1830.0,308
"MacArthur, Thomas",M001193,NJ,233.0,,,309
"Maloney, Carolyn B.",M000087,NY,387.0,00729,6367.0,310
"Maloney, Sean Patrick",M001185,NY,382.0,02150,290.0,311
"Manchin, Joe, III",M001183,WV,219.0,01983,371.0,312
"Marchant, Kenny",M001158,TX,274.0,01806,1653.0,313
"Marino, Tom",M001179,PA,282.0,02053,502.0,314
"Markey, Edward J.",M000133,MA,505.0,00735,6980.0,315
"Massie, Thomas",M001184,KY,196.0,02094,163.0,316
"Matsui, Doris O.",M001163,CA,421.0,01814,2142.0,317
"McCain, John",M000303,AZ,261.0,00754,4126.0,318
"McCarthy, Kevin",M001165,CA,37.0,01833,516.0,319
"McCaskill, Claire",M001170,MO,232.0,01820,846.0,320
"McCaul, Michael T.",M001157,TX,321.0,01804,1829.0,321
"McClintock, Tom",M001177,CA,295.0,01908,785.0,322
"McCollum, Betty",M001143,MN,583.0,01653,3747.0,323
"McConnell, Mitch",M000355,KY,155.0,01395,2149.0,324
"McDermott, Jim",M000404,WA,499.0,00766,7050.0,325
"McGovern, James P.",M000312,MA,796.0,01504,6987.0,326
"McHenry, Patrick T.",M001156,NC,128.0,01792,1097.0,327
"McKinley, David B.",M001180,WV,329.0,02074,580.0,328
"McMorris Rodgers, Cathy",M001159,WA,194.0,01809,1384.0,329
"McNerney, Jerry",M001166,CA,358.0,01832,1313.0,330
"McSally, Martha",M001197,AZ,272.0,,,331
"Meadows, Mark",M001187,NC,307.0,02142,340.0,332
"Meehan, Patrick",M001181,PA,300.0,02052,416.0,333
"Meeks, Gregory W.",M001137,NY,481.0,01506,3343.0,334
"Menendez, Robert",M000639,NJ,369.0,00791,3971.0,335
"Meng, Grace",M001188,NY,466.0,02148,330.0,336
"Merkley, Jeff",M001176,OR,409.0,01900,1012.0,337
"Messer, Luke",M001189,IN,333.0,02130,189.0,338
"Mica, John L.",M000689,FL,146.0,00800,1706.0,339
"Mikulski, Barbara A.",M000702,MD,300.0,00802,7134.0,340
"Miller, Candice S.",M001150,MI,227.0,01731,1459.0,341
"Miller, Jeff",M001144,FL,360.0,01685,2578.0,342
"Moolenaar, John R.",M001194,MI,183.0,,,343
"Mooney, Alexander X.",M001195,WV,189.0,,,344
"Moore, Gwen",M001160,WI,603.0,01811,2323.0,345
"Moran, Jerry",M000934,KS,325.0,01507,2024.0,346
"Moulton, Seth",M001196,MA,297.0,,,347
"Mullin, Markwayne",M001190,OK,264.0,02156,187.0,348
"Mulvaney, Mick",M001182,SC,295.0,02059,578.0,349
"Murkowski, Lisa",M001153,AK,335.0,01694,1613.0,350
"Murphy, Christopher",M001169,CT,366.0,,,351
"Murphy, Christopher S.",M001169,CT,2.0,01837,1157.0,352
"Murphy, Patrick",M001191,FL,411.0,02117,382.0,353
"Murphy, Tim",M001151,PA,225.0,01744,1539.0,354
"Murray, Patty",M001111,WA,387.0,01409,3525.0,355
"Nadler, Jerrold",N000002,NY,411.0,00850,4810.0,356
"Napolitano, Grace F.",N000179,CA,579.0,01602,3242.0,357
"Neal, Richard E.",N000015,MA,248.0,00854,3864.0,358
"Nelson, Bill",N000032,FL,261.0,00859,2910.0,359
"Neugebauer, Randy",N000182,TX,245.0,01758,1498.0,360
"Newhouse, Dan",N000189,WA,299.0,,,361
"Noem, Kristi L.",N000184,SD,227.0,02060,364.0,362
"Nolan, Richard M.",N000127,MN,404.0,00867,1445.0,363
"Norcross, Donald",N000188,NJ,287.0,,,364
"Norton, Eleanor Holmes",N000147,DC,1078.0,00868,7781.0,365
"Nugent, Richard B.",N000185,FL,232.0,02001,542.0,366
"Nunes, Devin",N000181,CA,215.0,01710,1019.0,367
"Nunnelee, Alan",N000186,MS,28.0,02034,577.0,368
"O'Rourke, Beto",O000170,TX,327.0,02162,380.0,369
"Olson, Pete",O000168,TX,449.0,01955,985.0,370
"Palazzo, Steven M.",P000601,MS,286.0,02035,421.0,371
"Pallone, Frank, Jr.",P000034,NJ,244.0,00887,5222.0,372
"Palmer, Gary J.",P000609,AL,125.0,,,373
"Pascrell, Bill, Jr.",P000096,NJ,427.0,01510,3302.0,374
"Paul, Rand",P000603,KY,198.0,02082,361.0,375
"Paulsen, Erik",P000594,MN,260.0,01930,737.0,376
"Payne, Donald M., Jr.",P000604,NJ,361.0,02097,381.0,377
"Pearce, Stevan",P000588,NM,311.0,01738,1301.0,378
"Pelosi, Nancy",P000197,CA,64.0,00905,4844.0,379
"Perdue, David",P000612,GA,252.0,,,380
"Perlmutter, Ed",P000593,CO,350.0,01835,1005.0,381
"Perry, Scott",P000605,PA,211.0,02157,225.0,382
"Peters, Gary C.",P000595,MI,400.0,01929,895.0,383
"Peters, Scott H.",P000608,CA,592.0,02113,420.0,384
"Peterson, Collin C.",P000258,MN,348.0,00910,4059.0,385
"Pierluisi, Pedro R.",P000596,PR,163.0,01953,715.0,386
"Pingree, Chellie",P000597,ME,497.0,01927,1238.0,387
"Pittenger, Robert",P000606,NC,343.0,02141,244.0,388
"Pitts, Joseph R.",P000373,PA,159.0,01514,2689.0,389
"Plaskett, Stacey E.",P000610,VI,177.0,,,390
"Pocan, Mark",P000607,WI,723.0,02171,542.0,391
"Poe, Ted",P000592,TX,361.0,01802,1987.0,392
"Poliquin, Bruce",P000611,ME,220.0,,,393
"Polis, Jared",P000598,CO,505.0,01910,1373.0,394
"Pompeo, Mike",P000602,KS,295.0,02022,432.0,395
"Portman, Rob",P000449,OH,317.0,00924,1316.0,396
"Posey, Bill",P000599,FL,294.0,01915,1114.0,397
"Price, David E.",P000523,NC,274.0,00930,4201.0,398
"Price, Tom",P000591,GA,174.0,01778,1094.0,399
"Quigley, Mike",Q000023,IL,442.0,01967,948.0,400
"Radewagen, Aumua Amata Coleman",R000600,AS,104.0,,,401
"Rangel, Charles B.",R000053,NY,856.0,00944,11663.0,402
"Ratcliffe, John",R000601,TX,223.0,,,403
"Reed, Jack",R000122,RI,272.0,00949,2666.0,404
"Reed, Tom",R000585,NY,285.0,01982,521.0,405
"Reichert, David G.",R000578,WA,209.0,01810,1085.0,406
"Reid, Harry",R000146,NV,179.0,00952,4848.0,407
"Renacci, James B.",R000586,OH,283.0,02048,350.0,408
"Ribble, Reid J.",R000587,WI,389.0,02073,612.0,409
"Rice, Kathleen M.",R000602,NY,419.0,,,410
"Rice, Tom",R000597,SC,168.0,02160,143.0,411
"Richmond, Cedric L.",R000588,LA,319.0,02023,407.0,412
"Rigell, E. Scott",R000589,VA,170.0,02068,339.0,413
"Risch, James E.",R000584,ID,242.0,01896,721.0,414
"Roberts, Pat",R000307,KS,306.0,00968,3858.0,415
"Roby, Martha",R000591,AL,141.0,01986,256.0,416
"Roe, David P.",R000582,TN,381.0,01954,1110.0,417
"Rogers, Harold",R000395,KY,112.0,00977,2470.0,418
"Rogers, Mike D.",R000575,AL,180.0,01704,1178.0,419
"Rohrabacher, Dana",R000409,CA,221.0,00979,3679.0,420
"Rokita, Todd",R000592,IN,302.0,02017,566.0,421
"Rooney, Thomas J.",R000583,FL,246.0,01916,881.0,422
"Ros-Lehtinen, Ileana",R000435,FL,290.0,00985,3721.0,423
"Roskam, Peter J.",R000580,IL,261.0,01848,967.0,424
"Ross, Dennis A.",R000593,FL,289.0,02003,747.0,425
"Rothfus, Keith J.",R000598,PA,264.0,02158,213.0,426
"Rounds, Mike",R000605,SD,233.0,,,427
"Rouzer, David",R000603,NC,349.0,,,428
"Roybal-Allard, Lucille",R000486,CA,312.0,00997,3467.0,429
"Royce, Edward R.",R000487,CA,228.0,00998,2288.0,430
"Rubio, Marco",R000595,FL,430.0,02084,647.0,431
"Ruiz, Raul",R000599,CA,275.0,02109,320.0,432
"Ruppersberger, C. A. Dutch",R000576,MD,200.0,01728,1525.0,433
"Rush, Bobby L.",R000515,IL,480.0,01003,4251.0,434
"Russell, Steve",R000604,OK,168.0,,,435
"Ryan, Paul",R000570,WI,44.0,01560,1120.0,436
"Ryan, Tim",R000577,OH,504.0,01756,2198.0,437
"Sablan, Gregorio Kilili Camacho",S001177,MP,158.0,01962,814.0,438
"Salmon, Matt",S000018,AZ,347.0,01009,863.0,439
"Sanchez, Linda T.",S001156,CA,297.0,01757,2576.0,440
"Sanchez, Loretta",S000030,CA,232.0,01522,2643.0,441
"Sanders, Bernard",S000033,VT,269.0,01010,5317.0,442
"Sanford, Mark",S000051,SC,145.0,01012,47.0,443
"Sarbanes, John P.",S001168,MD,193.0,01854,980.0,444
"Sasse, Ben",S001197,NE,107.0,,,445
"Scalise, Steve",S001176,LA,76.0,01892,706.0,446
"Schakowsky, Janice D.",S001145,IL,616.0,01588,5683.0,447
"Schatz, Brian",S001194,HI,337.0,02173,362.0,448
"Schiff, Adam B.",S001150,CA,419.0,01635,2993.0,449
"Schock, Aaron",S001179,IL,66.0,01920,1099.0,450
"Schrader, Kurt",S001180,OR,235.0,01950,587.0,451
"Schumer, Charles E.",S000148,NY,446.0,01036,6816.0,452
"Schweikert, David",S001183,AZ,286.0,01994,451.0,453
"Scott, Austin",S001189,GA,315.0,02009,451.0,454
"Scott, David",S001157,GA,344.0,01722,1765.0,455
"Scott, Robert C. ""Bobby""",S000185,VA,355.0,01037,3035.0,456
"Scott, Tim",S001184,SC,217.0,02056,429.0,457
"Sensenbrenner, F. James, Jr.",S000244,WI,281.0,01041,1423.0,458
"Serrano, Jose E.",S000248,NY,418.0,01042,5068.0,459
"Sessions, Jeff",S001141,AL,172.0,01548,1658.0,460
"Sessions, Pete",S000250,TX,467.0,01525,3276.0,461
"Sewell, Terri A.",S001185,AL,221.0,01988,377.0,462
"Shaheen, Jeanne",S001181,NH,463.0,01901,903.0,463
"Shelby, Richard C.",S000320,AL,84.0,01049,3399.0,464
"Sherman, Brad",S000344,CA,306.0,01526,2889.0,465
"Shimkus, John",S000364,IL,172.0,01527,2520.0,466
"Shuster, Bill",S001154,PA,160.0,01681,1384.0,467
"Simpson, Michael K.",S001148,ID,167.0,01590,1609.0,468
"Sinema, Kyrsten",S001191,AZ,371.0,02099,321.0,469
"Sires, Albio",S001165,NJ,324.0,01818,1857.0,470
"Slaughter, Louise McIntosh",S000480,NY,568.0,01069,6125.0,471
"Smith, Adam",S000510,WA,350.0,01528,2530.0,472
"Smith, Adrian",S001172,NE,141.0,01860,627.0,473
"Smith, Christopher H.",S000522,NJ,285.0,01071,6558.0,474
"Smith, Jason",S001195,MO,238.0,02191,153.0,475
"Smith, Lamar",S000583,TX,338.0,01075,3046.0,476
"Speier, Jackie",S001175,CA,404.0,01890,1157.0,477
"Stabenow, Debbie",S000770,MI,366.0,01531,3027.0,478
"Stefanik, Elise M.",S001196,NY,299.0,,,479
"Stewart, Chris",S001192,UT,269.0,02168,225.0,480
"Stivers, Steve",S001187,OH,398.0,02047,794.0,481
"Stutzman, Marlin A.",S001188,IN,141.0,01981,373.0,482
"Sullivan, Dan",S001198,AK,209.0,,,483
"Swalwell, Eric",S001193,CA,563.0,02104,376.0,484
"Takai, Mark",T000473,HI,312.0,,,485
"Takano, Mark",T000472,CA,677.0,02110,537.0,486
"Tester, Jon",T000464,MT,353.0,01829,1196.0,487
"Thompson, Bennie G.",T000193,MS,265.0,01151,3227.0,488
"Thompson, Glenn",T000467,PA,277.0,01952,783.0,489
"Thompson, Mike",T000460,CA,403.0,01593,2218.0,490
"Thornberry, Mac",T000238,TX,111.0,01155,1448.0,491
"Thune, John",T000250,SD,267.0,01534,1166.0,492
"Tiberi, Patrick J.",T000462,OH,258.0,01664,1649.0,493
"Tillis, Thom",T000476,NC,240.0,,,494
"Tipton, Scott  R.",T000470,CO,292.0,01997,388.0,495
"Titus, Dina",T000468,NV,352.0,01940,712.0,496
"Tonko, Paul",T000469,NY,482.0,01942,1292.0,497
"Toomey, Pat",T000461,PA,227.0,02085,400.0,498
"Torres, Norma J.",T000474,CA,235.0,,,499
"Trott, David A.",T000475,MI,192.0,,,500
"Tsongas, Niki",T000465,MA,359.0,01884,1039.0,501
"Turner, Michael R.",T000463,OH,191.0,01741,1093.0,502
"Udall, Tom",U000039,NM,318.0,01567,2259.0,503
"Upton, Fred",U000031,MI,114.0,01177,3824.0,504
"Valadao, David G.",V000129,CA,261.0,02105,197.0,505
"Van Hollen, Chris",V000128,MD,515.0,01729,2884.0,506
"Vargas, Juan",V000130,CA,443.0,02112,429.0,507
"Veasey, Marc A.",V000131,TX,418.0,02166,321.0,508
"Vela, Filemon",V000132,TX,202.0,02167,180.0,509
"Velazquez, Nydia M.",V000081,NY,303.0,01184,2581.0,510
"Visclosky, Peter J.",V000108,IN,140.0,01188,1949.0,511
"Vitter, David",V000127,LA,401.0,01609,2239.0,512
"Wagner, Ann",W000812,MO,260.0,02137,206.0,513
"Walberg, Tim",W000798,MI,287.0,01855,591.0,514
"Walden, Greg",W000791,OR,148.0,01596,1515.0,515
"Walker, Mark",W000819,NC,159.0,,,516
"Walorski, Jackie",W000813,IN,286.0,02128,199.0,517
"Walters, Mimi",W000820,CA,176.0,,,518
"Walz, Timothy J.",W000799,MN,358.0,01856,1370.0,519
"Warner, Mark R.",W000805,VA,254.0,01897,544.0,520
"Warren, Elizabeth",W000817,MA,388.0,02182,307.0,521
"Wasserman Schultz, Debbie",W000797,FL,329.0,01777,1766.0,522
"Waters, Maxine",W000187,CA,258.0,01205,3446.0,523
"Watson Coleman, Bonnie",W000822,NJ,465.0,,,524
"Weber, Randy K., Sr.",W000814,TX,397.0,02161,304.0,525
"Webster, Daniel",W000806,FL,172.0,02002,242.0,526
"Welch, Peter",W000800,VT,500.0,01879,1823.0,527
"Wenstrup, Brad R.",W000815,OH,204.0,02152,170.0,528
"Westerman, Bruce",W000821,AR,274.0,,,529
"Westmoreland, Lynn A.",W000796,GA,218.0,01779,1683.0,530
"Whitehouse, Sheldon",W000802,RI,420.0,01823,1610.0,531
"Whitfield, Ed",W000413,KY,134.0,01222,1904.0,532
"Wicker, Roger F.",W000437,MS,297.0,01226,2313.0,533
"Williams, Roger",W000816,TX,226.0,02165,145.0,534
"Wilson, Frederica S.",W000808,FL,506.0,02004,897.0,535
"Wilson, Joe",W000795,SC,291.0,01688,3128.0,536
"Wittman, Robert J.",W000804,VA,291.0,01886,1294.0,537
"Womack, Steve",W000809,AR,158.0,01991,396.0,538
"Woodall, Rob",W000810,GA,120.0,02008,220.0,539
"Wyden, Ron",W000779,OR,383.0,01247,5245.0,540
"Yarmuth, John A.",Y000062,KY,334.0,01853,1019.0,541
"Yoder, Kevin",Y000063,KS,209.0,02021,439.0,542
"Yoho, Ted S.",Y000065,FL,338.0,02115,310.0,543
"Young, David",Y000066,IA,298.0,,,544
"Young, Don",Y000033,AK,370.0,01256,5889.0,545
"Young, Todd C.",Y000064,IN,197.0,02019,399.0,546
"Zeldin, Lee M.",Z000017,NY,258.0,,,547
"Zinke, Ryan K.",Z000018,MT,361.0,,,548
"Abdnor, James",,SD,,00001,1719.0,549
"Abercrombie, Neil",,HI,,00002,4471.0,550
"Abourezk, James",,SD,,01268,875.0,551
"Abraham, Spencer",,MI,,01269,836.0,552
"Abzug, Bella S.",,NY,,00003,1437.0,553
"Acevedo-Vila, Anibal",,PR,,01679,501.0,554
"Ackerman, Gary L.",,NY,,00004,7299.0,555
"Adams, Brock",,WA,,00005,1519.0,556
"Adams, Sandy",,FL,,02006,156.0,557
"Addabbo, Joseph P.",,NY,,00006,2374.0,558
"Adler, John H.",,NJ,,01935,234.0,559
"Aiken, George",,VT,,01270,44.0,560
"Akaka, Daniel K.",,HI,,00007,5540.0,561
"Akin, W. Todd",,MO,,01655,1632.0,562
"Albert, Carl",,OK,,00008,5.0,563
"Albosta, Donald J.",,MI,,00009,817.0,564
"Alexander, Bill",,AR,,00010,1578.0,565
"Alexander, Rodney",,LA,,01727,1439.0,566
"Allard, Wayne",,CO,,00011,1782.0,567
"Allen, Clifford R.",,TN,,00012,155.0,568
"Allen, George",,VA,,00013,1066.0,569
"Allen, James B.",,AL,,01271,398.0,570
"Allen, Maryon",,AL,,01272,4.0,571
"Allen, Thomas H.",,ME,,01461,2247.0,572
"Altmire, Jason",,PA,,01873,1109.0,573
"Ambro, Jerome A.",,NY,,00014,361.0,574
"Ammerman, Joseph S.",,PA,,00015,117.0,575
"Anderson, Glenn M.",,CA,,00016,2737.0,576
"Anderson, John B.",,IL,,00017,761.0,577
"Anderson, Wendell R.",,MN,,01273,338.0,578
"Andrews, Ike",,NC,,00018,590.0,579
"Andrews, Mark",,ND,,00019,1602.0,580
"Andrews, Michael",,TX,,00020,1347.0,581
"Andrews, Robert E.",,NJ,,00021,4503.0,582
"Andrews, Thomas H.",,ME,,00022,621.0,583
"Annunzio, Frank",,IL,,00023,2168.0,584
"Anthony, Beryl, Jr.",,AR,,00024,1312.0,585
"Applegate, Douglas",,OH,,00025,2327.0,586
"Archer, Bill",,TX,,00026,2139.0,587
"Arcuri, Michael A.",,NY,,01867,915.0,588
"Arends, Leslie C.",,IL,,00027,37.0,589
"Armey, Richard K.",,TX,,00028,2150.0,590
"Armstrong, William L.",,CO,,00029,1069.0,591
"Ashbrook, Jean",,OH,,00030,2.0,592
"Ashbrook, John M.",,OH,,00031,629.0,593
"Ashcroft, John",,MO,,01274,594.0,594
"Ashley, Thomas L.",,OH,,00032,492.0,595
"Aspin, Les",,WI,,00033,1500.0,596
"Atkins, Chester G.",,MA,,00034,2617.0,597
"Atkinson, Eugene V.",,PA,,00035,387.0,598
"AuCoin, Les",,OR,,00036,2667.0,599
"Austria, Steve",,OH,,01947,415.0,600
"Baca, Joe",,CA,,01614,2615.0,601
"Bacchus, Jim",,FL,,00037,834.0,602
"Bachmann, Michele",,MN,,01858,1191.0,603
"Bachus, Spencer",,AL,,00038,3001.0,604
"Badham, Robert E.",,CA,,00039,1579.0,605
"Badillo, Herman",,NY,,00040,1613.0,606
"Baesler, Scotty",,KY,,00041,371.0,607
"Bafalis, L. A. (Skip)",,FL,,00042,1028.0,608
"Bailey, Donald A.",,PA,,00043,568.0,609
"Bailey, Wendell",,MO,,00044,168.0,610
"Baird, Brian",,WA,,01557,1901.0,611
"Baker, Bill",,CA,,00045,555.0,612
"Baker, Howard H., Jr.",,TN,,01275,950.0,613
"Baker, LaMar",,TN,,00046,164.0,614
"Baker, Richard H.",,LA,,00047,2847.0,615
"Baldacci, John Elias",,ME,,00048,1368.0,616
"Baldus, Alvin J.",,WI,,00049,510.0,617
"Ballance, Frank W.,  Jr.",,NC,,01734,214.0,618
"Ballenger, Cass",,NC,,00050,2341.0,619
"Barber, Ron",,AZ,,02093,311.0,620
"Barca, Peter",,WI,,00051,199.0,621
"Barcia, James A.",,MI,,00052,1219.0,622
"Barkley, Dean M.",,MN,,01690,2.0,623
"Barlow, Tom",,KY,,00053,236.0,624
"Barnard, Doug, Jr.",,GA,,00054,2259.0,625
"Barnes, Michael D.",,MD,,00055,1960.0,626
"Barr, Bob",,GA,,00056,953.0,627
"Barrett, Bill",,NE,,00057,889.0,628
"Barrett, J. Gresham",,SC,,01745,1067.0,629
"Barrett, Thomas M.",,WI,,00058,1732.0,630
"Barrett, William A.",,PA,,00059,155.0,631
"Barrow, John",,GA,,01780,1294.0,632
"Bartlett, Dewey F.",,OK,,01276,455.0,633
"Bartlett, Roscoe G.",,MD,,00060,3570.0,634
"Bartlett, Steve",,TX,,00061,838.0,635
"Bass, Charles F.",,NH,,00063,980.0,636
"Bateman, Herbert H.",,VA,,00064,2368.0,637
"Bates, Jim",,CA,,00065,2175.0,638
"Baucus, Max",,MT,,00066,4989.0,639
"Bauman, Robert E.",,MD,,00067,495.0,640
"Bayh, Birch",,IN,,01277,925.0,641
"Bayh, Evan",,IN,,01572,1398.0,642
"Beall, J. Glenn, Jr.",,MD,,01278,472.0,643
"Bean, Melissa L.",,IL,,01782,600.0,644
"Beard, Edward",,RI,,00068,886.0,645
"Beard, Robin",,TN,,00069,766.0,646
"Beauprez, Bob",,CO,,01712,504.0,647
"Bedell, Berkley W.",,IA,,00071,3094.0,648
"Begich, Mark",,AK,,01898,1443.0,649
"Beilenson, Anthony C.",,CA,,00072,2653.0,650
"Bell, Alphonzo",,CA,,00073,517.0,651
"Bell, Chris",,TX,,01750,363.0,652
"Bellmon, Henry L.",,OK,,01279,509.0,653
"Benedict, Cleve",,WV,,00074,193.0,654
"Benitez, Jamie",,PR,,00075,168.0,655
"Benjamin, Adam, Jr.",,IN,,00076,596.0,656
"Bennett, Charles E.",,FL,,00077,2718.0,657
"Bennett, Robert F.",,UT,,01280,1275.0,658
"Bennett, Wallace F.",,UT,,01281,162.0,659
"Bentivolio, Kerry L.",,MI,,02135,327.0,660
"Bentley, Helen Delich",,MD,,00078,2983.0,661
"Bentsen, Ken",,TX,,00079,977.0,662
"Bentsen, Lloyd M.",,TX,,01282,2668.0,663
"Bereuter, Doug",,NE,,00080,3948.0,664
"Berg, Rick",,ND,,02037,165.0,665
"Bergland, Bob",,MN,,00081,359.0,666
"Berkley, Shelley",,NV,,01576,3417.0,667
"Berman, Howard L.",,CA,,00082,7207.0,668
"Berry, Marion",,AR,,01462,1532.0,669
"Bethune, Ed",,AR,,00083,408.0,670
"Bevill, Tom",,AL,,00084,3556.0,671
"Biaggi, Mario",,NY,,00085,3305.0,672
"Bible, Alan",,NV,,01283,242.0,673
"Biden, Joseph R., Jr.",,DE,,01284,3210.0,674
"Biester, Edward G., Jr.",,PA,,00086,299.0,675
"Biggert, Judy",,IL,,01577,1698.0,676
"Bilbray, Brian P.",,CA,,00087,1850.0,677
"Bilbray, James H.",,NV,,00088,1660.0,678
"Bilirakis, Michael",,FL,,00089,3508.0,679
"Bingaman, Jeff",,NM,,01285,4540.0,680
"Bingham, Jonathan B.",,NY,,00090,1957.0,681
"Bishop, Timothy H.",,NY,,01740,2486.0,682
"Blackburn, Ben",,GA,,00092,168.0,683
"Blackwell, Lucien E.",,PA,,00093,588.0,684
"Blagojevich, Rod R.",,IL,,01463,1036.0,685
"Blanchard, James",,MI,,00094,1059.0,686
"Blatnik, John Anton",,MN,,00095,151.0,687
"Blaz, Ben G.",,GU,,00096,1225.0,688
"Bliley, Tom",,VA,,00097,3082.0,689
"Blouin, Michael",,IA,,00098,467.0,690
"Blute, Peter I.",,MA,,00100,666.0,691
"Boccieri, John A.",,OH,,01949,243.0,692
"Boehlert, Sherwood",,NY,,00101,3949.0,693
"Boggs, Corinne C. (Lindy)",,LA,,00103,1362.0,694
"Boland, Edward P.",,MA,,00104,1714.0,695
"Bolling, Richard",,MO,,00105,392.0,696
"Bond, Christopher S.",,MO,,01286,2454.0,697
"Boner, William H.",,TN,,00106,1242.0,698
"Bonilla, Henry",,TX,,00107,1059.0,699
"Bonior, David E.",,MI,,00108,5781.0,700
"Bonker, Don",,WA,,00109,1394.0,701
"Bonner, Jo",,AL,,01703,1073.0,702
"Bono Mack, Mary",,CA,,01465,457.0,703
"Bono, Mary",,CA,,01465,1216.0,704
"Bono, Sonny",,CA,,00110,360.0,705
"Boren, Dan",,OK,,01796,1255.0,706
"Boren, David L.",,OK,,01287,2390.0,707
"Borski, Robert A.",,PA,,00111,3237.0,708
"Boschwitz, Rudy",,MN,,01288,2164.0,709
"Bosco, Douglas H.",,CA,,00112,1247.0,710
"Boswell, Leonard L.",,IA,,01466,2368.0,711
"Boucher, Rick",,VA,,00113,4350.0,712
"Boulter, Beau",,TX,,00114,485.0,713
"Bowen, David R.",,MS,,00115,1033.0,714
"Boyd, Allen",,FL,,01467,1230.0,715
"Boyda, Nancy E.",,KS,,01852,476.0,716
"Brademas, John",,IN,,00117,691.0,717
"Bradley, Bill",,NJ,,01289,2653.0,718
"Bradley, Jeb",,NH,,01736,533.0,719
"Brady, Nicholas",,NJ,,01290,15.0,720
"Braley, Bruce L.",,IA,,01845,1579.0,721
"Brasco, Frank",,NY,,00118,281.0,722
"Bray, William G.",,IN,,00119,77.0,723
"Breaux, John B.",,LA,,00120,3345.0,724
"Breckinridge, John B.",,KY,,00121,299.0,725
"Brennan, Joseph E.",,ME,,00122,575.0,726
"Brewster, Bill K.",,OK,,00123,698.0,727
"Bright, Bobby",,AL,,01905,191.0,728
"Brinkley, Jack",,GA,,00124,679.0,729
"Britt, Robin",,NC,,00125,368.0,730
"Brock, Bill",,TN,,01291,479.0,731
"Brodhead, William",,MI,,00126,1344.0,732
"Brooke, Edward W.",,MA,,01292,624.0,733
"Brooks, Jack B.",,TX,,00127,1356.0,734
"Broomfield, William S.",,MI,,00128,2064.0,735
"Brotzman, Donald G.",,CO,,00129,104.0,736
"Broun, Paul C.",,GA,,01882,1270.0,737
"Browder, Glen",,AL,,00130,671.0,738
"Brown, Clarence, Jr.",,OH,,00131,782.0,739
"Brown, Garry E.",,MI,,00133,330.0,740
"Brown, George E., Jr.",,CA,,00134,5586.0,741
"Brown, Hank",,CO,,00135,2085.0,742
"Brown, Henry E., Jr.",,SC,,01669,1493.0,743
"Brown, Scott P.",,MA,,01975,371.0,744
"Brown-Waite, Ginny",,FL,,01713,1405.0,745
"Brownback, Sam",,KS,,00137,1833.0,746
"Broyhill, James T.",,NC,,00138,1246.0,747
"Broyhill, Joel T.",,VA,,00139,251.0,748
"Bruce, Terry L.",,IL,,00140,1137.0,749
"Bryan, Richard H.",,NV,,01293,1219.0,750
"Bryant, Ed",,TN,,00141,699.0,751
"Bryant, John W.",,TX,,00142,2622.0,752
"Buchanan, John",,AL,,00143,901.0,753
"Buckley, James L.",,NY,,01294,331.0,754
"Buechner, Jack",,MO,,00144,861.0,755
"Buerkle, Ann Marie",,NY,,02045,211.0,756
"Bumpers, Dale",,AR,,01295,2703.0,757
"Bunn, Jim",,OR,,00145,91.0,758
"Bunning, Jim",,KY,,00146,2503.0,759
"Burdick, Joycelyn",,ND,,01296,10.0,760
"Burdick, Quentin N.",,ND,,01297,3455.0,761
"Burgener, Clair W.",,CA,,00147,1367.0,762
"Burke, J. Herbert",,FL,,00148,399.0,763
"Burke, James A.",,MA,,00149,601.0,764
"Burke, Yvonne B.",,CA,,00150,914.0,765
"Burleson, Omar",,TX,,00151,218.0,766
"Burlison, Bill D.",,MO,,00152,140.0,767
"Burns, Conrad R.",,MT,,01298,2292.0,768
"Burns, Max",,GA,,01721,206.0,769
"Burris, Roland",,IL,,01963,347.0,770
"Burton, Dan",,IN,,00154,6493.0,771
"Burton, John",,CA,,00155,882.0,772
"Burton, Phillip",,CA,,00156,1378.0,773
"Burton, Sala",,CA,,00157,991.0,774
"Bustamante, Albert G.",,TX,,00158,2657.0,775
"Butler, M. Caldwell",,VA,,00159,739.0,776
"Buyer, Stephen E.",,IN,,00160,354.0,777
"Buyer, Steve",,IN,,00160,868.0,778
"Byrd, Harry F.,  Jr.",,VA,,01300,263.0,779
"Byrd, Robert C.",,WV,,01299,2579.0,780
"Byrne, Leslie L.",,VA,,00161,457.0,781
"Byron, Beverly B.",,MD,,00162,1549.0,782
"Byron, Goodloe E.",,MD,,00163,337.0,783
"Callahan, Sonny",,AL,,00164,1706.0,784
"Camp, Dave",,MI,,00166,2570.0,785
"Camp, John N. Happy",,OK,,00167,112.0,786
"Campbell, Ben Nighthorse",,CO,,00168,2391.0,787
"Campbell, Carroll A., Jr.",,SC,,00169,862.0,788
"Campbell, John",,CA,,01816,945.0,789
"Campbell, Tom",,CA,,00170,1253.0,790
"Canady, Charles T.",,FL,,00171,1118.0,791
"Cannon, Chris",,UT,,01470,1162.0,792
"Cannon, Howard W.",,NV,,01301,1065.0,793
"Canseco, Francisco ""Quico""",,TX,,02066,310.0,794
"Cantor, Eric",,VA,,01674,1232.0,795
"Cao, Anh ""Joseph""",,LA,,01923,405.0,796
"Capps, Walter",,CA,,01472,152.0,797
"Caputo, Bruce F.",,NY,,00173,146.0,798
"Cardoza, Dennis A.",,CA,,01709,1455.0,799
"Carey, Hugh L.",,NY,,00175,156.0,800
"Carman, Gregory W.",,NY,,00176,151.0,801
"Carnahan, Jean",,MO,,01680,243.0,802
"Carnahan, Russ",,MO,,01789,1620.0,803
"Carney, Charles J.",,OH,,00177,969.0,804
"Carney, Christopher P.",,PA,,01876,885.0,805
"Carney, William",,NY,,00178,818.0,806
"Carr, Bob",,MI,,00180,2207.0,807
"Carson, Brad",,OK,,01665,527.0,808
"Carson, Julia",,IN,,01473,3058.0,809
"Carter, Tim Lee",,KY,,00181,919.0,810
"Case, Clifford P.",,NJ,,01302,503.0,811
"Case, Ed",,HI,,01693,1010.0,812
"Casey, Bob",,TX,,00182,119.0,813
"Castle, Michael N.",,DE,,00183,1766.0,814
"Cavanaugh, John J.",,NE,,00184,379.0,815
"Cazayoux, Donald J., Jr.",,LA,,01891,59.0,816
"Cederberg, Elford A.",,MI,,00185,332.0,817
"Chafee, John H.",,RI,,01303,3105.0,818
"Chafee, Lincoln",,RI,,01612,794.0,819
"Chamberlain, Charles E.",,MI,,00187,51.0,820
"Chambliss, Saxby",,GA,,00188,2438.0,821
"Chandler, Ben",,KY,,01759,1209.0,822
"Chandler, Rod D.",,WA,,00189,1716.0,823
"Chapman, Jim",,TX,,00190,1832.0,824
"Chappell, Bill, Jr.",,FL,,00191,1695.0,825
"Chappie, Eugene A.",,CA,,00192,890.0,826
"Cheney, Dick",,WY,,00193,793.0,827
"Chenoweth, Helen",,ID,,00194,462.0,828
"Chenoweth-Hage, Helen",,ID,,00194,212.0,829
"Chiesa, Jeff",,NJ,,02192,12.0,830
"Childers, Travis",,MS,,01893,262.0,831
"Chiles, Lawton",,FL,,01304,1828.0,832
"Chisholm, Shirley",,NY,,00195,1847.0,833
"Chocola, Chris",,IN,,01726,327.0,834
"Christensen, Donna M.",,VI,,01474,3130.0,835
"Christensen, Donna MC",,VI,,01474,400.0,836
"Christensen, Jon",,NE,,00196,437.0,837
"Christian-Green, Donna M.",,VI,,01474,388.0,838
"Chrysler, Dick",,MI,,00197,192.0,839
"Church, Frank",,ID,,01305,799.0,840
"Clancy, Donald D.",,OH,,00198,166.0,841
"Clark, Dick",,IA,,01306,593.0,842
"Clark, Frank M.",,PA,,00199,221.0,843
"Clarke, Hansen",,MI,,02030,329.0,844
"Clarke, James McC.",,NC,,00200,822.0,845
"Clausen, Don H.",,CA,,00201,882.0,846
"Clawson, Del",,CA,,00202,207.0,847
"Clay, William (Bill)",,MO,,00203,3650.0,848
"Clayton, Eva M.",,NC,,00204,1564.0,849
"Cleland, Max",,GA,,01540,879.0,850
"Clement, Bob",,TN,,00205,2202.0,851
"Cleveland, James C.",,NH,,00206,1121.0,852
"Clinger, William F., Jr.",,PA,,00207,2811.0,853
"Clinton, Hillary Rodham",,NY,,01631,2367.0,854
"Cobey, William W.",,NC,,00210,309.0,855
"Coble, Howard",,NC,,00211,3726.0,856
"Coburn, Tom",,OK,,00212,990.0,857
"Coburn, Tom A.",,OK,,00212,674.0,858
"Coelho, Anthony Lee",,CA,,00214,2249.0,859
"Cohen, William S.",,ME,,00215,2937.0,860
"Coleman, E. Thomas",,MO,,00216,1045.0,861
"Coleman, Norm",,MN,,01697,1146.0,862
"Coleman, Ronald D.",,TX,,00217,1735.0,863
"Collier, Harold R.",,IL,,00218,132.0,864
"Collins, Barbara-Rose",,MI,,00219,745.0,865
"Collins, Cardiss",,IL,,00220,5369.0,866
"Collins, James M.",,TX,,00221,1228.0,867
"Collins, Mac",,GA,,00222,1022.0,868
"Colordao, Antonio",,PR,,00223,63.0,869
"Combest, Larry",,TX,,00224,1284.0,870
"Conable, Barber B., Jr.",,NY,,00225,951.0,871
"Condit, Gary A.",,CA,,00226,1581.0,872
"Conlan, John B.",,AZ,,00227,188.0,873
"Conrad, Kent",,ND,,01307,3078.0,874
"Conte, Silvio O.",,MA,,00228,3354.0,875
"Cook, Marlow W.",,KY,,01308,196.0,876
"Cook, Merrill",,UT,,01475,624.0,877
"Cooksey, John",,LA,,01476,674.0,878
"Cooley, Wes",,OR,,00230,261.0,879
"Coppersmith, Sam",,AZ,,00232,246.0,880
"Corcoran, Tom",,IL,,00233,1333.0,881
"Corman, James C.",,CA,,00234,1252.0,882
"Cornell, Robert J.",,WI,,00235,435.0,883
"Cornwell, David L.",,IN,,00236,222.0,884
"Corrada, Baltasar",,PR,,00237,1753.0,885
"Corzine, Jon S.",,NJ,,01630,1159.0,886
"Costello, Jerry F.",,IL,,00238,3319.0,887
"Cotter, William R.",,CT,,00239,569.0,888
"Cotton, Norris",,NH,,01309,115.0,889
"Coughlin, Lawrence",,PA,,00240,1894.0,890
"Courter, Jim",,NJ,,00241,1722.0,891
"Coverdell, Paul",,GA,,01310,767.0,892
"Cowan, William M.",,MA,,02189,58.0,893
"Cox, Christopher",,CA,,00242,2144.0,894
"Cox, John W., Jr.",,IL,,00243,181.0,895
"Coyne, James K.",,PA,,00244,390.0,896
"Coyne, William J.",,PA,,00245,2724.0,897
"Craig, Larry E.",,ID,,00246,3610.0,898
"Cramer, Robert E. (Bud), Jr.",,AL,,00247,2037.0,899
"Crane, Daniel B.",,IL,,00248,602.0,900
"Crane, Philip M.",,IL,,00249,3527.0,901
"Cranston, Alan",,CA,,01311,4088.0,902
"Cravaack, Chip",,MN,,02031,179.0,903
"Cremeans, Frank A.",,OH,,00251,122.0,904
"Critz, Mark S.",,PA,,01977,362.0,905
"Crockett, George W., Jr.",,MI,,00252,2862.0,906
"Cronin, Paul W.",,MA,,00253,265.0,907
"Cubin, Barbara",,WY,,00254,1471.0,908
"Culver, John C.",,IA,,00255,424.0,909
"Cunningham, John E. (Jack)",,WA,,00257,112.0,910
"Cunningham, Randy (Duke)",,CA,,00258,2149.0,911
"Curson, David Alan",,MI,,02095,6.0,912
"Curtis, Carl T.",,NE,,01312,460.0,913
"D'Amato, Alfonse",,NY,,01313,3589.0,914
"D'Amours, Norman E.",,NH,,00259,1350.0,915
"Dahlkemper, Kathleen A.",,PA,,01951,313.0,916
"Danforth, John C.",,MO,,01314,2019.0,917
"Daniel, Robert W., Jr.",,VA,,00260,649.0,918
"Daniel, W. C. (Dan)",,VA,,00261,1641.0,919
"Daniels, Dominick V.",,NJ,,00262,536.0,920
"Danielson, George E.",,CA,,00263,828.0,921
"Dannemeyer, William E.",,CA,,00264,2161.0,922
"Danner, Pat",,MO,,00265,947.0,923
"Darden, George (Buddy)",,GA,,00266,1755.0,924
"Daschle, Thomas A.",,SD,,00267,4767.0,925
"Daub, Hal",,NE,,00268,1982.0,926
"Davis, Artur",,AL,,01705,1069.0,927
"Davis, David",,TN,,01877,406.0,928
"Davis, Geoff",,KY,,01784,976.0,929
"Davis, Glenn R.",,WI,,00269,26.0,930
"Davis, Jack",,IL,,00270,522.0,931
"Davis, Jim",,FL,,01478,901.0,932
"Davis, Jo Ann",,VA,,01672,1335.0,933
"Davis, John W.",,GA,,00271,211.0,934
"Davis, Lincoln",,TN,,01747,1079.0,935
"Davis, Mendel J.",,SC,,00272,639.0,936
"Davis, Robert W.",,MI,,00273,1937.0,937
"Davis, Thomas M.",,VA,,00274,761.0,938
"Davis, Tom",,VA,,00274,1059.0,939
"Dayton, Mark",,MN,,01629,991.0,940
"DeConcini, Dennis",,AZ,,01315,3945.0,941
"DeLay, Tom",,TX,,00282,2097.0,942
"DeMint, Jim",,SC,,01605,1368.0,943
"DeNardis, Lawrence J.",,CT,,00285,295.0,944
"DeWine, Mike",,OH,,00293,3442.0,945
"Deal, Nathan",,GA,,00277,1789.0,946
"Deckard, Joel",,IN,,00278,131.0,947
"Delahunt, Bill",,MA,,01480,458.0,948
"Delahunt, William D.",,MA,,01480,2216.0,949
"Delaney, James J.",,NY,,00280,323.0,950
"Dellenback, John",,OR,,00283,138.0,951
"Dellums, Ronald V.",,CA,,00284,5901.0,952
"Denholm, Frank E.",,SD,,00286,192.0,953
"Dennis, David W.",,IN,,00287,51.0,954
"Dent, John H.",,PA,,00288,538.0,955
"Denton, Jeremiah",,AL,,01316,819.0,956
"Derrick, Butler C.",,SC,,00289,1764.0,957
"Derwinski, Edward J.",,IL,,00290,1450.0,958
"Deutsch, Peter",,FL,,00291,1810.0,959
"Devine, Samuel L.",,OH,,00292,699.0,960
"Diaz-Balart, Lincoln",,FL,,00294,2050.0,961
"Dickey, Jay",,AR,,00295,847.0,962
"Dickinson, William L.",,AL,,00296,1568.0,963
"Dicks, Norman D.",,WA,,00297,3377.0,964
"Diggs, Charles C., Jr.",,MI,,00298,941.0,965
"Dingell, John D.",,MI,,00299,3955.0,966
"DioGuardi, Joseph J.",,NY,,00300,1027.0,967
"Dixon, Alan J.",,IL,,01317,2149.0,968
"Dixon, Julian C.",,CA,,00301,3329.0,969
"Djou, Charles K.",,HI,,01978,86.0,970
"Dodd, Christopher J.",,CT,,00302,5939.0,971
"Dole, Elizabeth",,NC,,01698,728.0,972
"Dole, Robert J.",,KS,,01318,4207.0,973
"Domenici, Pete V.",,NM,,01319,4378.0,974
"Dominick, Peter H.",,CO,,01320,225.0,975
"Donnelly, Brian J.",,MA,,00304,2035.0,976
"Donohue, Harold D.",,MA,,00305,124.0,977
"Dooley, Calvin M.",,CA,,00306,1305.0,978
"Doolittle, John T.",,CA,,00307,2977.0,979
"Dorgan, Byron L.",,ND,,00308,4072.0,980
"Dorn, William Jennings Bryan",,SC,,00309,159.0,981
"Dornan, Robert K.",,CA,,00310,4666.0,982
"Dougherty, Charles F.",,PA,,00311,822.0,983
"Douglas, Chuck",,NH,,00312,267.0,984
"Dowdy, Wayne",,MS,,00313,1049.0,985
"Downey, Thomas J.",,NY,,00314,3683.0,986
"Downing, Thomas N.",,VA,,00315,314.0,987
"Drake, Thelma D.",,VA,,01808,693.0,988
"Dreier, David",,CA,,00317,2790.0,989
"Driehaus, Steve",,OH,,01946,240.0,990
"Drinan, Robert F.",,MA,,00318,1844.0,991
"Dulski, Thaddeus J.",,NY,,00320,225.0,992
"Duncan, John J.",,TN,,00321,2674.0,993
"Duncan, Robert B.",,OR,,00323,436.0,994
"Dunn, Jennifer",,WA,,00324,1337.0,995
"Dunn, Jim",,MI,,00325,213.0,996
"Durenberger, Dave",,MN,,01321,3299.0,997
"Durkin, John A.",,NH,,01322,535.0,998
"Dwyer, Bernard J.",,NJ,,00327,3705.0,999
"Dymally, Mervyn M.",,CA,,00328,3408.0,1000
"Dyson, Roy",,MD,,00329,1927.0,1001
"Eagleton, Thomas F.",,MO,,01323,1146.0,1002
"Early, Joseph D.",,MA,,00330,656.0,1003
"East, John P.",,NC,,01324,626.0,1004
"Eastland, James O.",,MS,,01325,397.0,1005
"Eckart, Dennis E.",,OH,,00331,2358.0,1006
"Eckert, Fred J.",,NY,,00332,136.0,1007
"Eckhardt, Bob",,TX,,00333,490.0,1008
"Edgar, Robert W.",,PA,,00334,3304.0,1009
"Edwards, Chet",,TX,,00335,1475.0,1010
"Edwards, Don",,CA,,00336,4284.0,1011
"Edwards, Jack",,AL,,00337,706.0,1012
"Edwards, John",,NC,,01573,612.0,1013
"Edwards, Mickey",,OK,,00338,2104.0,1014
"Ehlers, Vernon J.",,MI,,00339,2186.0,1015
"Ehrlich, Robert L., Jr.",,MD,,00340,767.0,1016
"Eilberg, Joshua",,PA,,00341,1672.0,1017
"Ellsworth, Brad",,IN,,01851,576.0,1018
"Emanuel, Rahm",,IL,,01725,1276.0,1019
"Emerson, Bill",,MO,,00342,3595.0,1020
"Emerson, Jo Ann",,MO,,01481,2318.0,1021
"Emery, David F.",,ME,,00343,829.0,1022
"English, Glenn",,OK,,00345,1820.0,1023
"English, Karan",,AZ,,00346,136.0,1024
"English, Phil",,PA,,00347,4131.0,1025
"Ensign, John",,NV,,00348,1533.0,1026
"Enyart, William L.",,IL,,02125,495.0,1027
"Erdahl, Arlen",,MN,,00349,590.0,1028
"Erdreich, Ben",,AL,,00350,1575.0,1029
"Erlenborn, John N.",,IL,,00351,591.0,1030
"Ertel, Allen E.",,PA,,00352,827.0,1031
"Ervin, Sam J., Jr.",,NC,,01326,174.0,1032
"Esch, Marvin L.",,MI,,00353,439.0,1033
"Eshleman, Edwin D.",,PA,,00354,245.0,1034
"Espy, Mike",,MS,,00356,1774.0,1035
"Etheridge, Bob",,NC,,01482,1864.0,1036
"Evans, Billy Lee",,GA,,00357,849.0,1037
"Evans, Cooper",,IA,,00358,751.0,1038
"Evans, Daniel J.",,WA,,01327,393.0,1039
"Evans, David W.",,IN,,00359,331.0,1040
"Evans, Frank E.",,CO,,00360,187.0,1041
"Evans, Lane",,IL,,00361,7075.0,1042
"Evans, Melvin H.",,VI,,00362,258.0,1043
"Evans, Thomas B., Jr.",,DE,,00363,525.0,1044
"Everett, Terry",,AL,,00364,1043.0,1045
"Evins, Joe L.",,TN,,00365,131.0,1046
"Ewing, Thomas W.",,IL,,00366,1109.0,1047
"Exon, J. James",,NE,,01328,1913.0,1048
"Faircloth, Lauch",,NC,,01329,626.0,1049
"Faleomavaega, Eni F. H.",,AS,,00367,3726.0,1050
"Fallin, Mary",,OK,,01872,601.0,1051
"Fannin, Paul J.",,AZ,,01330,527.0,1052
"Fary, John G.",,IL,,00369,501.0,1053
"Fascell, Dante B.",,FL,,00370,3304.0,1054
"Fauntroy, Walter E.",,DC,,00372,4667.0,1055
"Fawell, Harris W.",,IL,,00373,2040.0,1056
"Fazio, Vic",,CA,,00374,5923.0,1057
"Feeney, Tom",,FL,,01716,1008.0,1058
"Feighan, Edward F.",,OH,,00375,2494.0,1059
"Feingold, Russell D.",,WI,,01331,2461.0,1060
"Fenwick, Millicent H.",,NJ,,00376,1372.0,1061
"Ferguson, Mike",,NJ,,01659,839.0,1062
"Ferraro, Geraldine A.",,NY,,00377,994.0,1063
"Fiedler, Bobbi",,CA,,00378,472.0,1064
"Fields, Cleo",,LA,,00379,232.0,1065
"Fields, Jack",,TX,,00380,1883.0,1066
"Filner, Bob",,CA,,00381,7319.0,1067
"Findley, Paul",,IL,,00382,949.0,1068
"Fingerhut, Eric D.",,OH,,00383,336.0,1069
"Fish, Hamilton, Jr.",,NY,,00384,5456.0,1070
"Fisher, Joesph L.",,VA,,00385,532.0,1071
"Fisher, O. C.",,TX,,00386,170.0,1072
"Fithian, Floyd J.",,IN,,00387,809.0,1073
"Fitzgerald, Peter",,IL,,01571,507.0,1074
"Flake, Floyd H.",,NY,,00388,1379.0,1075
"Flanagan, Michael Patrick",,IL,,00389,150.0,1076
"Fletcher, Ernie",,KY,,01563,482.0,1077
"Flippo, Ronnie G.",,AL,,00390,1312.0,1078
"Flood, Daniel J.",,PA,,00391,792.0,1079
"Florio, James J.",,NJ,,00392,2543.0,1080
"Flowers, Walter",,AL,,00393,288.0,1081
"Flynt, John J., Jr.",,GA,,00394,225.0,1082
"Foglietta, Thomas M.",,PA,,00395,4226.0,1083
"Foley, Mark",,FL,,00396,2500.0,1084
"Foley, Thomas S.",,WA,,00397,1394.0,1085
"Fong, Hiram L.",,HI,,01333,246.0,1086
"Forbes, Michael P.",,NY,,00398,910.0,1087
"Ford, Gerald R., Jr.",,MI,,00399,59.0,1088
"Ford, Harold E.",,TN,,00400,3345.0,1089
"Ford, Harold E., Jr.",,TN,,01483,1701.0,1090
"Ford, Wendell H.",,KY,,01334,2313.0,1091
"Ford, William D.",,MI,,00401,2876.0,1092
"Forsythe, Edwin B.",,NJ,,00402,2438.0,1093
"Fortuno, Luis G.",,PR,,01800,665.0,1094
"Fossella, Vito",,NY,,01484,1241.0,1095
"Fountain, L. H.",,NC,,00403,483.0,1096
"Fowler, Tillie",,FL,,00404,891.0,1097
"Fowler, Wyche, Jr.",,GA,,00405,1423.0,1098
"Fox, Jon D.",,PA,,00406,794.0,1099
"Frahm, Sheila",,KS,,01335,17.0,1100
"Frank, Barney",,MA,,00407,10950.0,1101
"Franklin, William W.",,MS,,00408,367.0,1102
"Franks, Bob",,NJ,,00409,965.0,1103
"Franks, Gary A.",,CT,,00410,595.0,1104
"Fraser, Donald M.",,MN,,00411,1397.0,1105
"Frazer, Victor O.",,VI,,00412,278.0,1106
"Frelinghuysen, Peter H. B.",,NJ,,00413,80.0,1107
"Frenzel, Bill",,MN,,00415,3574.0,1108
"Frey, Lou, Jr.",,FL,,00416,615.0,1109
"Frisa, Dan",,NY,,00417,110.0,1110
"Frist, William H.",,TN,,01336,1158.0,1111
"Froehlich, Harold V.",,WI,,00418,214.0,1112
"Frost, Martin",,TX,,00419,9175.0,1113
"Fulbright, James",,AR,,01337,121.0,1114
"Fulton, Richard",,TN,,00420,273.0,1115
"Funderburk, David",,NC,,00421,235.0,1116
"Fuqua, Don",,FL,,00422,1648.0,1117
"Furse, Elizabeth",,OR,,00423,1307.0,1118
"Fuster, Jamie B.",,PR,,00424,1950.0,1119
"Gallegly, Elton",,CA,,00425,3523.0,1120
"Gallego, Pete P.",,TX,,02164,196.0,1121
"Gallo, Dean A.",,NJ,,00426,1649.0,1122
"Gammage, Robert A.",,TX,,00427,68.0,1123
"Ganske, Greg",,IA,,00428,431.0,1124
"Garcia, Joe",,FL,,02120,250.0,1125
"Garcia, Robert",,NY,,00429,2689.0,1126
"Garn, E. J. (Jake)",,UT,,01338,2134.0,1127
"Gaydos, Joseph M.",,PA,,00430,1315.0,1128
"Gejdenson, Sam",,CT,,00431,3871.0,1129
"Gekas, George W.",,PA,,00432,2289.0,1130
"Gephardt, Richard A.",,MO,,00433,2159.0,1131
"Geren, Pete",,TX,,00434,1066.0,1132
"Gerlach, Jim",,PA,,01743,1906.0,1133
"Gettys, Tom S.",,SC,,00435,44.0,1134
"Giaimo, Robert N.",,CT,,00436,305.0,1135
"Gibbons, Jim",,NV,,01485,1227.0,1136
"Gibbons, Sam",,FL,,00437,1638.0,1137
"Giffords, Gabrielle",,AZ,,01831,753.0,1138
"Gilchrest, Wayne T.",,MD,,00438,2215.0,1139
"Gillmor, Paul E.",,OH,,00439,2133.0,1140
"Gilman, Benjamin A.",,NY,,00440,6362.0,1141
"Gingrey, Phil",,GA,,01720,1870.0,1142
"Gingrich, Newt",,GA,,00441,3233.0,1143
"Ginn, Bo",,GA,,00442,751.0,1144
"Glenn, John H., Jr.",,OH,,01339,2483.0,1145
"Glickman, Dan",,KS,,00443,2315.0,1146
"Goldwater, Barry",,AZ,,01340,1337.0,1147
"Goldwater, Barry, Jr.",,CA,,00444,1054.0,1148
"Gonzalez, Charles A.",,TX,,01555,3035.0,1149
"Gonzalez, Henry B.",,TX,,00445,2653.0,1150
"Goode, Virgil H., Jr.",,VA,,01486,2303.0,1151
"Goodling, William F.",,PA,,00447,3234.0,1152
"Goodwin, Carte Patrick",,WV,,01980,8.0,1153
"Gordon, Bart",,TN,,00448,4593.0,1154
"Gore, Albert, Jr.",,TN,,00449,2700.0,1155
"Gorton, Slade",,WA,,01341,2162.0,1156
"Goss, Porter J.",,FL,,00450,1894.0,1157
"Gradison, Willis D., Jr.",,OH,,00451,1186.0,1158
"Graham, Bob",,FL,,01342,2250.0,1159
"Gramm, Phil",,TX,,00453,1630.0,1160
"Grams, Rod",,MN,,00454,859.0,1161
"Grandy, Fred",,IA,,00455,962.0,1162
"Grant, Bill",,FL,,00456,655.0,1163
"Grasso, Ella T.",,CT,,00458,396.0,1164
"Gravel, Mike",,AK,,01343,886.0,1165
"Gray, Kenneth J.",,IL,,00459,1263.0,1166
"Gray, William H., III",,PA,,00460,2041.0,1167
"Green, Edith",,OR,,00461,102.0,1168
"Green, Mark",,WI,,01559,1279.0,1169
"Green, S. William",,NY,,00463,2329.0,1170
"Green, William J.",,PA,,00464,315.0,1171
"Greenwood, James C.",,PA,,00465,1665.0,1172
"Gregg, Judd",,NH,,00466,2076.0,1173
"Griffin, Robert P.",,MI,,01344,290.0,1174
"Griffin, Tim",,AR,,01990,823.0,1175
"Griffith, Parker",,AL,,01906,254.0,1176
"Griffiths, Martha W.",,MI,,00467,83.0,1177
"Grimm, Michael G.",,NY,,02041,714.0,1178
"Grisham, Wayne R.",,CA,,00468,362.0,1179
"Gross, H. R.",,IA,,00469,55.0,1180
"Grotberg, John E.",,IL,,00470,203.0,1181
"Grover, James R., Jr.",,NY,,00471,139.0,1182
"Grucci, Felix J., Jr.",,NY,,01662,334.0,1183
"Guarini, Frank J.",,NJ,,00472,2986.0,1184
"Gubser, Charles S.",,CA,,00473,92.0,1185
"Gude, Gilbert",,MD,,00474,811.0,1186
"Gudger, V. Lamar",,NC,,00475,358.0,1187
"Gunderson, Steve",,WI,,00476,2548.0,1188
"Gunter, Bill",,FL,,00477,303.0,1189
"Gurney, Edward J.",,FL,,01345,229.0,1190
"Gutknecht, Gil",,MN,,00479,989.0,1191
"Guyer, Tennyson",,OH,,00480,1180.0,1192
"Hagan, Kay R.",,NC,,01902,744.0,1193
"Hagedorn, Thomas M.",,MN,,00481,727.0,1194
"Hagel, Chuck",,NE,,01545,1609.0,1195
"Haley, James A.",,FL,,00482,187.0,1196
"Hall, John J.",,NY,,01865,898.0,1197
"Hall, Katie",,IN,,00483,456.0,1198
"Hall, Ralph M.",,TX,,00484,4184.0,1199
"Hall, Sam B., Jr.",,TX,,00485,919.0,1200
"Hall, Tim L.",,IL,,00486,122.0,1201
"Hall, Tony P.",,OH,,00487,2571.0,1202
"Halvorson, Deborah L.",,IL,,01919,263.0,1203
"Hamburg, Dan",,CA,,00488,232.0,1204
"Hamilton, Lee H.",,IN,,00489,2049.0,1205
"Hammerschmidt, John P.",,AR,,00490,2923.0,1206
"Hance, Kent R.",,TX,,00491,610.0,1207
"Hancock, Mel",,MO,,00492,1212.0,1208
"Hanley, James M.",,NY,,00493,625.0,1209
"Hanna, Richard T.",,CA,,00494,116.0,1210
"Hannaford, Mark W.",,CA,,00495,667.0,1211
"Hanrahan, Robert P.",,IL,,00496,138.0,1212
"Hansen, Clifford P.",,WY,,01346,550.0,1213
"Hansen, George V.",,ID,,00497,1137.0,1214
"Hansen, James V.",,UT,,00498,2608.0,1215
"Hansen, Julia Butler",,WA,,00499,119.0,1216
"Hansen, Orval",,ID,,00500,186.0,1217
"Hare, Phil",,IL,,01849,1373.0,1218
"Harkin, Tom",,IA,,00501,4873.0,1219
"Harman, Jane",,CA,,00502,1871.0,1220
"Harrington, Michael J.",,MA,,00503,2242.0,1221
"Harris, Claude",,AL,,00504,1209.0,1222
"Harris, Herbert E., II",,VA,,00505,706.0,1223
"Harris, Katherine",,FL,,01714,575.0,1224
"Harrison, Frank",,PA,,00506,340.0,1225
"Harsha, William H.",,OH,,00507,353.0,1226
"Hart, Gary W.",,CO,,01347,902.0,1227
"Hart, Melissa A.",,PA,,01666,1149.0,1228
"Hart, Philip A.",,MI,,01348,578.0,1229
"Hartke, Vance",,IN,,01349,589.0,1230
"Hartnett, Thomas F.",,SC,,00508,856.0,1231
"Harvey, James",,MI,,00509,66.0,1232
"Haskell, Floyd K.",,CO,,01350,524.0,1233
"Hastert, J. Dennis",,IL,,00510,1921.0,1234
"Hastings, Doc",,WA,,00512,1660.0,1235
"Hastings, James F.",,NY,,00513,394.0,1236
"Hatcher, Charles",,GA,,00514,1549.0,1237
"Hatfield, Mark O.",,OR,,01352,2502.0,1238
"Hatfield, Paul",,MT,,01353,40.0,1239
"Hathaway, William D.",,ME,,01354,677.0,1240
"Hawkins, Augustus F.",,CA,,00515,3060.0,1241
"Hawkins, Paula",,FL,,01355,1083.0,1242
"Hayakawa, Samuel Ichiye",,CA,,01356,648.0,1243
"Hayes, Charles A.",,IL,,00516,2823.0,1244
"Hayes, James A.",,LA,,00517,1434.0,1245
"Hayes, Philip H.",,IN,,00518,118.0,1246
"Hayes, Robin",,NC,,01600,1171.0,1247
"Hays, Wayne L.",,OH,,00519,162.0,1248
"Hayworth, J. D.",,AZ,,00520,1846.0,1249
"Hayworth, Nan A. S.",,NY,,02042,184.0,1250
"Hebert, F. Edward",,LA,,00521,79.0,1251
"Hechler, Ken",,WV,,00522,886.0,1252
"Hecht, Chic",,NV,,01357,671.0,1253
"Heckler, Margaret M.",,MA,,00523,1213.0,1254
"Hefley, Joel",,CO,,00524,2032.0,1255
"Heflin, Howell",,AL,,01358,2639.0,1256
"Hefner, W. G. (Bill)",,NC,,00525,2586.0,1257
"Heftel, Cecil",,HI,,00526,1487.0,1258
"Heineman, Frederick K. (Fred)",,NC,,00527,178.0,1259
"Heinz, John",,PA,,00528,3408.0,1260
"Helms, Jesse",,NC,,01359,4086.0,1261
"Helstoski, Henry",,NJ,,00529,1169.0,1262
"Henderson, David N.",,NC,,00530,275.0,1263
"Hendon, Bill",,NC,,00531,423.0,1264
"Henry, Paul B.",,MI,,00532,1800.0,1265
"Herger, Wally",,CA,,00533,3674.0,1266
"Herseth Sandlin, Stephanie",,SD,,01760,646.0,1267
"Herseth, Stephanie",,SD,,01760,576.0,1268
"Hertel, Dennis M.",,MI,,00534,2086.0,1269
"Hicks, Floyd V.",,WA,,00535,416.0,1270
"Hightower, Jack E.",,TX,,00536,534.0,1271
"Hiler, John Patrick",,IN,,00537,1091.0,1272
"Hill, Baron P.",,IN,,01578,949.0,1273
"Hill, Rick",,MT,,01489,450.0,1274
"Hilleary, Van",,TN,,00538,725.0,1275
"Hilliard, Earl F.",,AL,,00539,1678.0,1276
"Hillis, Elwood H.",,IN,,00540,886.0,1277
"Hinchey, Maurice D.",,NY,,00541,6281.0,1278
"Hinshaw, Andrew J.",,CA,,00542,267.0,1279
"Hinson, Jon C.",,MS,,00543,308.0,1280
"Hoagland, Peter",,NE,,00544,605.0,1281
"Hobson, David L.",,OH,,00545,1414.0,1282
"Hochbrueckner, George J.",,NY,,00546,2093.0,1283
"Hochul, Kathleen C.",,NY,,02088,139.0,1284
"Hodes, Paul W.",,NH,,01862,739.0,1285
"Hodges, Kaneaster, Jr.",,AR,,01360,33.0,1286
"Hoeffel, Joseph M.",,PA,,01579,1177.0,1287
"Hoekstra, Peter",,MI,,00547,1938.0,1288
"Hogan, Lawrence J.",,MD,,00548,169.0,1289
"Hoke, Martin R.",,OH,,00549,393.0,1290
"Holden, Tim",,PA,,00550,3358.0,1291
"Holifield, Chet",,CA,,00551,95.0,1292
"Holland, Kenneth L.",,SC,,00552,547.0,1293
"Hollenbeck, Harold C.",,NJ,,00553,757.0,1294
"Hollings, Ernest F.",,SC,,01361,4348.0,1295
"Holloway, Clyde",,LA,,00554,855.0,1296
"Holt, Marjorie S.",,MD,,00555,2087.0,1297
"Holt, Rush",,NJ,,01580,4195.0,1298
"Holtzman, Elizabeth",,NY,,00556,1469.0,1299
"Hooley, Darlene",,OR,,01491,1912.0,1300
"Hopkins, Larry J.",,KY,,00557,968.0,1301
"Horn, Joan Kelly",,MO,,00558,357.0,1302
"Horn, Stephen",,CA,,00559,1522.0,1303
"Horsford, Steven A.",,NV,,02147,233.0,1304
"Horton, Frank J.",,NY,,00560,5558.0,1305
"Hosmer, Craig",,CA,,00561,213.0,1306
"Hostettler, John N.",,IN,,00562,1261.0,1307
"Houghton, Amo",,NY,,00563,1872.0,1308
"Howard, James J.",,NJ,,00564,3173.0,1309
"Howe, Allan",,UT,,00565,200.0,1310
"Hruska, Roman L.",,NE,,01362,220.0,1311
"Hubbard, Carroll, Jr.",,KY,,00567,1789.0,1312
"Huber, Robert J.",,MI,,00568,223.0,1313
"Huckaby, Thomas J. (Jerry)",,LA,,00569,1399.0,1314
"Huddleston, Walter (Dee)",,KY,,01363,1200.0,1315
"Hudnut, William H., III",,IN,,00570,196.0,1316
"Huffington, Michael",,CA,,00571,108.0,1317
"Hughes, Harold E.",,IA,,01364,239.0,1318
"Hughes, William J.",,NJ,,00572,6019.0,1319
"Hulshof, Kenny C.",,MO,,01492,768.0,1320
"Humphrey, Gordon J.",,NH,,01365,1150.0,1321
"Humphrey, Hubert H.",,MN,,01366,1446.0,1322
"Humphrey, Muriel",,MN,,01367,82.0,1323
"Hungate, William L.",,MO,,00573,231.0,1324
"Hunt, John E.",,NJ,,00574,128.0,1325
"Hunter, Duncan",,CA,,00575,3218.0,1326
"Hutchinson, Asa",,AR,,01493,568.0,1327
"Hutchinson, Edward",,MI,,00576,104.0,1328
"Hutchinson, John G.",,WV,,00577,6.0,1329
"Hutchinson, Tim",,AR,,00578,1489.0,1330
"Hutchison, Kay Bailey",,TX,,01368,2195.0,1331
"Hutto, Earl",,FL,,00579,2395.0,1332
"Hyde, Henry J.",,IL,,00580,5500.0,1333
"Ichord, Richard H.",,MO,,00581,553.0,1334
"Inglis, Bob",,SC,,00582,1349.0,1335
"Inouye, Daniel K.",,HI,,01369,7402.0,1336
"Inslee, Jay",,WA,,00584,2219.0,1337
"Ireland, Andrew P.",,FL,,00585,1772.0,1338
"Istook, Ernest J., Jr.",,OK,,00586,880.0,1339
"Jackson, Henry M.",,WA,,01370,1322.0,1340
"Jackson, Jesse L., Jr.",,IL,,00587,3237.0,1341
"Jackson-Lee, Sheila",,TX,,00588,4866.0,1342
"Jacobs, Andrew, Jr.",,IN,,00589,3668.0,1343
"James, Craig T.",,FL,,00590,474.0,1344
"Janklow, William J.",,SD,,01746,162.0,1345
"Jarman, John",,OK,,00591,95.0,1346
"Javits, Jacob K.",,NY,,01371,1326.0,1347
"Jefferson, William J.",,LA,,00592,3980.0,1348
"Jeffords, James M.",,VT,,00593,5608.0,1349
"Jeffries, Jim",,KS,,00594,412.0,1350
"Jenkins, Edgar L.",,GA,,00595,1563.0,1351
"Jenkins, William L.",,TN,,01494,814.0,1352
"Jenrette, John W., Jr.",,SC,,00596,956.0,1353
"Jepsen, Roger W.",,IA,,01372,745.0,1354
"Jindal, Bobby",,LA,,01785,450.0,1355
"Johanns, Mike",,NE,,01899,749.0,1356
"John, Christopher",,LA,,01495,638.0,1357
"Johnson, Albert W.",,PA,,00597,314.0,1358
"Johnson, Don",,GA,,00598,160.0,1359
"Johnson, Harold T.",,CA,,00600,711.0,1360
"Johnson, James P. (Jim)",,CO,,00601,376.0,1361
"Johnson, Jay W.",,WI,,01496,106.0,1362
"Johnson, Nancy L.",,CT,,00602,3940.0,1363
"Johnson, Tim",,SD,,00604,5331.0,1364
"Johnson, Timothy V.",,IL,,01648,1076.0,1365
"Johnston, Eugene (Gene)",,NC,,00605,233.0,1366
"Johnston, Harry",,FL,,00606,1106.0,1367
"Johnston, J. Bennett",,LA,,01373,2481.0,1368
"Jones, Ben",,GA,,00607,761.0,1369
"Jones, Ed",,TN,,00608,996.0,1370
"Jones, James R.",,OK,,00609,678.0,1371
"Jones, Robert E., Jr.",,AL,,00610,155.0,1372
"Jones, Stephanie Tubbs",,OH,,01581,2485.0,1373
"Jones, Walter B.",,NC,,00611,2591.0,1374
"Jontz, Jim",,IN,,00613,2274.0,1375
"Jordan, Barbara",,TX,,00614,307.0,1376
"Kagen, Steve",,WI,,01880,942.0,1377
"Kanjorski, Paul E.",,PA,,00615,2789.0,1378
"Karnes, David K.",,NE,,01374,281.0,1379
"Karth, Joseph E.",,MN,,00617,218.0,1380
"Kasich, John R.",,OH,,00618,2137.0,1381
"Kassebaum, Nancy Landon",,KS,,01375,2014.0,1382
"Kasten, Robert W., Jr.",,WI,,00619,1975.0,1383
"Kastenmeier, Robert W.",,WI,,00620,2446.0,1384
"Kaufman, Edward E.",,DE,,01964,206.0,1385
"Kazen, Abraham, Jr.",,TX,,00621,475.0,1386
"Keating, William J.",,OH,,00622,102.0,1387
"Keller, Ric",,FL,,01644,733.0,1388
"Kelly, Richard",,FL,,00623,314.0,1389
"Kelly, Sue W.",,NY,,00624,2091.0,1390
"Kemp, Jack",,NY,,00625,2473.0,1391
"Kempthorne, Dirk",,ID,,01376,465.0,1392
"Kennedy, Edward M.",,MA,,01377,6643.0,1393
"Kennedy, Joseph P., II",,MA,,00626,2076.0,1394
"Kennedy, Mark R.",,MN,,01652,728.0,1395
"Kennedy, Patrick J.",,RI,,00627,3154.0,1396
"Kennelly, Barbara B.",,CT,,00628,2653.0,1397
"Kerns, Brian D.",,IN,,01650,190.0,1398
"Kerrey, J. Robert",,NE,,01378,1008.0,1399
"Kerry, John F.",,MA,,01379,5974.0,1400
"Ketchum, William M.",,CA,,00629,896.0,1401
"Keys, Martha E.",,KS,,00630,588.0,1402
"Kildee, Dale E.",,MI,,00631,7326.0,1403
"Kilpatrick, Carolyn C.",,MI,,01497,3186.0,1404
"Kilroy, Mary Jo",,OH,,01948,349.0,1405
"Kim, Jay",,CA,,00632,564.0,1406
"Kindness, Thomas N.",,OH,,00633,2010.0,1407
"King, Carleton J.",,NY,,00634,98.0,1408
"Kingston, Jack",,GA,,00636,2280.0,1409
"Kirk, Paul Grattan, Jr.",,MA,,01972,56.0,1410
"Kissell, Larry",,NC,,01934,682.0,1411
"Kleczka, Gerald D.",,WI,,00637,2780.0,1412
"Klein, Herbert C.",,NJ,,00638,298.0,1413
"Klein, Ron",,FL,,01842,737.0,1414
"Klink, Ron",,PA,,00639,860.0,1415
"Kluczynski, John C.",,IL,,00640,57.0,1416
"Klug, Scott L.",,WI,,00641,1240.0,1417
"Knollenberg, Joe",,MI,,00642,1343.0,1418
"Koch, Edward I.",,NY,,00643,1665.0,1419
"Kogovsek, Ray",,CO,,00644,1099.0,1420
"Kohl, Herb",,WI,,01380,2408.0,1421
"Kolbe, Jim",,AZ,,00645,2354.0,1422
"Kolter, Joseph P.",,PA,,00646,3007.0,1423
"Konnyu, Ernest L.",,CA,,00647,221.0,1424
"Kopetski, Mike",,OR,,00648,1124.0,1425
"Kosmas, Suzanne M.",,FL,,01917,283.0,1426
"Kostmayer, Peter H.",,PA,,00649,3087.0,1427
"Kramer, Ken",,CO,,00650,865.0,1428
"Kratovil, Frank,  Jr.",,MD,,01926,240.0,1429
"Krebs, John H.",,CA,,00651,473.0,1430
"Kreidler, Mike",,WA,,00652,329.0,1431
"Krueger, Robert C.",,TX,,00653,275.0,1432
"Kucinich, Dennis J.",,OH,,01499,4308.0,1433
"Kuhl, John R. ""Randy"", Jr.",,NY,,01795,988.0,1434
"Kuykendall, Dan H.",,TN,,00654,73.0,1435
"Kuykendall, Steven T.",,CA,,01582,295.0,1436
"Kyl, Jon",,AZ,,00655,2366.0,1437
"Kyros, Peter N.",,ME,,00656,335.0,1438
"LaFalce, John J.",,NY,,00657,5023.0,1439
"LaHood, Ray",,IL,,00659,1901.0,1440
"LaRocco, Larry",,ID,,00665,370.0,1441
"LaTourette, Steven C.",,OH,,00667,2479.0,1442
"Lagomarsino, Robert J.",,CA,,00658,6512.0,1443
"Lambert, Blanche M.",,AR,,01570,267.0,1444
"Lampson, Nick",,TX,,01500,1595.0,1445
"Lancaster, H. Martin",,NC,,00660,2449.0,1446
"Landgrebe, Earl F.",,IN,,00661,96.0,1447
"Landrieu, Mary L.",,LA,,01546,3245.0,1448
"Landrum, Phil M.",,GA,,00662,64.0,1449
"Landry, Jeffrey M.",,LA,,02024,207.0,1450
"Lantos, Tom",,CA,,00663,6838.0,1451
"Largent, Steve",,OK,,00664,742.0,1452
"Latham, Tom",,IA,,00666,2014.0,1453
"Latta, Delbert L.",,OH,,00668,788.0,1454
"Laughlin, Greg",,TX,,00669,710.0,1455
"Lautenberg, Frank R.",,NJ,,01381,5268.0,1456
"Laxalt, Paul D.",,NV,,01382,1188.0,1457
"Lazio, Rick",,NY,,00670,734.0,1458
"LeBoutillier, John",,NY,,00674,407.0,1459
"LeFante, Joseph A.",,NJ,,00677,226.0,1460
"LeMieux, George S.",,FL,,01971,135.0,1461
"Leach, Claude (Buddy), Jr.",,LA,,00671,273.0,1462
"Leach, James A.",,IA,,00672,3877.0,1463
"Leath, Marvin",,TX,,00673,964.0,1464
"Lederer, Raymond F.",,PA,,00675,562.0,1465
"Lee, Christopher J.",,NY,,01944,367.0,1466
"Lee, Gary A.",,NY,,00676,497.0,1467
"Leggett, Robert L.",,CA,,00678,772.0,1468
"Lehman, Richard H.",,CA,,00679,1631.0,1469
"Lehman, William",,FL,,00680,4050.0,1470
"Leland, Mickey",,TX,,00681,2646.0,1471
"Lent, Norman F.",,NY,,00682,3121.0,1472
"Levin, Carl",,MI,,01384,5844.0,1473
"Levine, Mel",,CA,,00684,2567.0,1474
"Levitas, Elliott H.",,GA,,00685,718.0,1475
"Levy, David A.",,NY,,00686,448.0,1476
"Lewis, Jerry",,CA,,00687,3045.0,1477
"Lewis, Ron",,KY,,00689,1714.0,1478
"Lewis, Thomas F.",,FL,,00690,2257.0,1479
"Lieberman, Joseph I.",,CT,,01385,4341.0,1480
"Lightfoot, Jim",,IA,,00691,1614.0,1481
"Lincoln, Blanche L.",,AR,,01570,1918.0,1482
"Linder, John",,GA,,00693,1623.0,1483
"Lipinski, William O.",,IL,,00694,5189.0,1484
"Litton, Jerry",,MO,,00695,371.0,1485
"Livingston, Bob",,LA,,00696,2703.0,1486
"Lloyd, James F.",,CA,,00697,592.0,1487
"Lloyd, Marilyn",,TN,,00698,3522.0,1488
"Loeffler, Tom",,TX,,00700,659.0,1489
"Long, Cathy (Mrs. Gillis)",,LA,,00702,136.0,1490
"Long, Clarence D.",,MD,,00703,1463.0,1491
"Long, Gillis W.",,LA,,00704,701.0,1492
"Long, Jill L.",,IN,,00705,804.0,1493
"Long, Russell B.",,LA,,01386,600.0,1494
"Longley, James B., Jr.",,ME,,00706,116.0,1495
"Lott, Trent",,MS,,00707,4349.0,1496
"Lowery, Bill",,CA,,00708,1510.0,1497
"Lowry, Mike",,WA,,00710,2093.0,1498
"Lucas, Ken",,KY,,01562,668.0,1499
"Lugar, Richard G.",,IN,,01387,4348.0,1500
"Lujan, Manuel, Jr.",,NM,,00712,1582.0,1501
"Luken, Charles",,OH,,00714,184.0,1502
"Luken, Thomas A.",,OH,,00713,1915.0,1503
"Lukens, Donald E.",,OH,,00715,727.0,1504
"Lundine, Stanley N.",,NY,,00716,1292.0,1505
"Lungren, Daniel E.",,CA,,00717,2227.0,1506
"Luther, Bill",,MN,,00718,827.0,1507
"MacKay, Buddy",,FL,,00722,782.0,1508
"Macdonald, Torbert H.",,MA,,00719,155.0,1509
"Machtley, Ronald K.",,RI,,00720,1717.0,1510
"Mack, Connie",,FL,,01776,744.0,1511
"Mack, Connie, III",,FL,,00721,2165.0,1512
"Madden, Ray J.",,IN,,00723,183.0,1513
"Madigan, Edward R.",,IL,,00724,2165.0,1514
"Maffei, Daniel B.",,NY,,01943,600.0,1515
"Magnuson, Warren G.",,WA,,01388,851.0,1516
"Maguire, Andrew",,NJ,,00725,935.0,1517
"Mahon, George H.",,TX,,00726,162.0,1518
"Mahoney, Tim",,FL,,01841,240.0,1519
"Mailliard, William S.",,CA,,00727,102.0,1520
"Majette, Denise L.",,GA,,01719,215.0,1521
"Mallary, Richard W.",,VT,,00728,67.0,1522
"Maloney, James H.",,CT,,01502,944.0,1523
"Mann, David",,OH,,00730,179.0,1524
"Mann, James R.",,SC,,00731,465.0,1525
"Mansfield, Mike",,MT,,01389,491.0,1526
"Manton, Thomas J.",,NY,,00732,2780.0,1527
"Manzullo, Donald A.",,IL,,00733,2843.0,1528
"Maraziti, Joseph J.",,NJ,,00734,156.0,1529
"Margolies-Mezvinsky, Marjorie",,PA,,00797,276.0,1530
"Markey, Betsy",,CO,,01911,344.0,1531
"Marks, Marc L.",,PA,,00736,405.0,1532
"Marlenee, Ron",,MT,,00737,1362.0,1533
"Marriott, David Daniel",,UT,,00738,933.0,1534
"Marshall, Jim",,GA,,01718,1174.0,1535
"Martin, David O'B.",,NY,,00739,1563.0,1536
"Martin, David T.",,NE,,00740,15.0,1537
"Martin, James G.",,NC,,00741,1067.0,1538
"Martin, Lynn M.",,IL,,00742,1662.0,1539
"Martinez, Matthew G.",,CA,,00743,5595.0,1540
"Martinez, Mel",,FL,,01769,637.0,1541
"Martini, William J.",,NJ,,00744,173.0,1542
"Mascara, Frank",,PA,,00745,886.0,1543
"Massa, Eric J. J.",,NY,,01945,516.0,1544
"Matheson, Jim",,UT,,01671,1563.0,1545
"Mathews, Harlan",,TN,,01390,166.0,1546
"Mathias, Charles McC., Jr.",,MD,,01391,1949.0,1547
"Mathias, Robert B. (Bob)",,CA,,00746,77.0,1548
"Mathis, Dawson",,GA,,00747,813.0,1549
"Matsui, Robert T.",,CA,,00748,5607.0,1550
"Matsunaga, Spark M.",,HI,,00749,3390.0,1551
"Mattingly, Mack",,GA,,01392,664.0,1552
"Mattox, James A.",,TX,,00750,314.0,1553
"Mavroules, Nicholas",,MA,,00751,2438.0,1554
"Mayne, Wiley",,IA,,00752,152.0,1555
"Mazzoli, Romano L.",,KY,,00753,2833.0,1556
"McAllister, Vance M.",,LA,,02195,71.0,1557
"McCandless, Alfred A. (Al)",,CA,,00755,864.0,1558
"McCarthy, Carolyn",,NY,,01503,3712.0,1559
"McCarthy, Karen",,MO,,00756,1188.0,1560
"McClellan, John L.",,AR,,01393,206.0,1561
"McClory, Robert",,IL,,00757,800.0,1562
"McCloskey, Frank",,IN,,00758,2038.0,1563
"McCloskey, Paul N., Jr.",,CA,,00759,1079.0,1564
"McClure, James A.",,ID,,01394,2001.0,1565
"McCollister, John Y.",,NE,,00760,233.0,1566
"McCollum, Bill",,FL,,00761,3032.0,1567
"McCormack, Mike",,WA,,00762,773.0,1568
"McCotter, Thaddeus G.",,MI,,01732,2857.0,1569
"McCrery, Jim",,LA,,00763,1747.0,1570
"McCurdy, Dave",,OK,,00764,1026.0,1571
"McDade, Joseph M.",,PA,,00765,2896.0,1572
"McDonald, Lawrence P.",,GA,,00767,1022.0,1573
"McEwen, Bob",,OH,,00768,2474.0,1574
"McEwen, Robert C.",,NY,,00769,334.0,1575
"McFall, John J.",,CA,,00770,369.0,1576
"McGee, Gale W.",,WY,,01396,507.0,1577
"McGovern, George",,SD,,01397,1230.0,1578
"McGrath, Raymond J.",,NY,,00771,2517.0,1579
"McHale, Paul",,PA,,00772,543.0,1580
"McHugh, John M.",,NY,,00773,2994.0,1581
"McHugh, Matthew F.",,NY,,00774,2239.0,1582
"McInnis, Scott",,CO,,00775,1063.0,1583
"McIntosh, David M.",,IN,,00776,800.0,1584
"McIntyre, Mike",,NC,,01505,2648.0,1585
"McIntyre, Thomas J.",,NH,,01398,571.0,1586
"McKay, K. Gunn",,UT,,00777,288.0,1587
"McKeon, Howard P. ""Buck""",,CA,,00778,2161.0,1588
"McKernan, John R., Jr.",,ME,,00779,579.0,1589
"McKinney, Cynthia A.",,GA,,00780,2516.0,1590
"McKinney, Stewart B.",,CT,,00781,2103.0,1591
"McMahon, Michael E.",,NY,,01941,408.0,1592
"McMillan, J. Alex",,NC,,00782,827.0,1593
"McMillen, Thomas",,MD,,00783,1226.0,1594
"McNulty, James F., Jr.",,AZ,,00784,578.0,1595
"McNulty, Michael R.",,NY,,00785,4907.0,1596
"McSpadden, Clem Rogers",,OK,,00786,128.0,1597
"Meeds, Lloyd",,WA,,00787,603.0,1598
"Meehan, Martin T.",,MA,,00788,2459.0,1599
"Meek, Carrie P.",,FL,,00789,1819.0,1600
"Meek, Kendrick B.",,FL,,01715,1309.0,1601
"Melancon, Charlie",,LA,,01786,754.0,1602
"Melcher, John",,MT,,00790,2093.0,1603
"Metcalf, Jack",,WA,,00792,798.0,1604
"Metcalf, Lee",,MT,,01399,562.0,1605
"Metcalfe, Ralph H.",,IL,,00793,631.0,1606
"Metzenbaum, Howard M.",,OH,,01400,2596.0,1607
"Meyers, Jan",,KS,,00794,2150.0,1608
"Meyner, Helen S.",,NJ,,00795,614.0,1609
"Mezvinsky, Edward",,IA,,00796,213.0,1610
"Mfume, Kweisi",,MD,,00798,1898.0,1611
"Mica, Daniel Andrew",,FL,,00799,763.0,1612
"Michaud, Michael H.",,ME,,01730,3104.0,1613
"Michel, Robert H.",,IL,,00801,1687.0,1614
"Mikva, Abner J.",,IL,,00803,773.0,1615
"Milford, Dale",,TX,,00804,335.0,1616
"Millender-McDonald, Juanita",,CA,,00805,2369.0,1617
"Miller, Brad",,NC,,01735,1440.0,1618
"Miller, Clarence E.",,OH,,00806,1509.0,1619
"Miller, Dan",,FL,,00807,822.0,1620
"Miller, Gary",,CA,,01584,419.0,1621
"Miller, Gary G.",,CA,,01584,1346.0,1622
"Miller, George",,CA,,00808,7360.0,1623
"Miller, John R.",,WA,,00809,1678.0,1624
"Miller, Zell",,GA,,01624,653.0,1625
"Mills, Wilbur D.",,AR,,00810,147.0,1626
"Mills, William O.",,MD,,00811,21.0,1627
"Mineta, Norman Y.",,CA,,00812,4732.0,1628
"Minge, David",,MN,,00813,1015.0,1629
"Minish, Joseph G.",,NJ,,00814,1171.0,1630
"Mink, Patsy T.",,HI,,00815,3192.0,1631
"Minnick, Walter",,ID,,01918,322.0,1632
"Minshall, William E.",,OH,,00816,91.0,1633
"Mitchell, Donald J.",,NY,,00817,1245.0,1634
"Mitchell, George J.",,ME,,01401,2280.0,1635
"Mitchell, Harry E.",,AZ,,01830,440.0,1636
"Mitchell, Parren J.",,MD,,00818,4096.0,1637
"Mizell, Wilmer",,NC,,00819,86.0,1638
"Moakley, John Joseph",,MA,,00820,5197.0,1639
"Moffett, Toby",,CT,,00821,942.0,1640
"Molinari, Guy",,NY,,00822,827.0,1641
"Molinari, Susan",,NY,,00823,1213.0,1642
"Mollohan, Alan B.",,WV,,00824,2184.0,1643
"Mollohan, Robert H.",,WV,,00825,873.0,1644
"Mondale, Walter F.",,MN,,01402,772.0,1645
"Monson, David S.",,UT,,00826,435.0,1646
"Montgomery, G. V. (Sonny)",,MS,,00827,3622.0,1647
"Montoya, Joseph M.",,NM,,01403,348.0,1648
"Moody, Jim",,WI,,00828,1914.0,1649
"Moore, Dennis",,KS,,01561,2673.0,1650
"Moore, W. Henson",,LA,,00829,846.0,1651
"Moorhead, Carlos J.",,CA,,00830,2826.0,1652
"Moorhead, William S.",,PA,,00831,657.0,1653
"Moran, James P.",,VA,,00832,6028.0,1654
"Morella, Constance A.",,MD,,00833,4023.0,1655
"Morgan, Robert B.",,NC,,01404,355.0,1656
"Morgan, Thomas E.",,PA,,00834,202.0,1657
"Morrison, Bruce A.",,CT,,00835,2528.0,1658
"Morrison, Sid",,WA,,00836,1645.0,1659
"Moseley-Braun, Carol",,IL,,01405,778.0,1660
"Mosher, Charles A.",,OH,,00837,431.0,1661
"Moss, Frank E.",,UT,,01406,752.0,1662
"Moss, John E.",,CA,,00838,702.0,1663
"Mottl, Ronald M.",,OH,,00839,1305.0,1664
"Moynihan, Daniel Patrick",,NY,,01407,4523.0,1665
"Mrazek, Robert J.",,NY,,00840,3087.0,1666
"Murkowski, Frank H.",,AK,,01408,3096.0,1667
"Murphy, Austin J.",,PA,,00841,4479.0,1668
"Murphy, John M.",,NY,,00842,1738.0,1669
"Murphy, Morgan F.",,IL,,00843,708.0,1670
"Murphy, Patrick J.",,PA,,01875,735.0,1671
"Murphy, Scott",,NY,,01968,255.0,1672
"Murtha, John P.",,PA,,00844,3046.0,1673
"Musgrave, Marilyn N.",,CO,,01711,1136.0,1674
"Muskie, Edmund S.",,ME,,01410,430.0,1675
"Musto,  Raphael",,PA,,00845,33.0,1676
"Myers, Gary A.",,PA,,00846,120.0,1677
"Myers, John T.",,IN,,00847,1317.0,1678
"Myers, Michael O.",,PA,,00848,234.0,1679
"Myrick, Sue Wilkins",,NC,,00849,3361.0,1680
"Nagle, Dave R,",,IA,,00851,657.0,1681
"Napier, John L.",,SC,,00852,283.0,1682
"Natcher, William H.",,KY,,00853,1009.0,1683
"Neal, Stephen L.",,NC,,00855,4353.0,1684
"Nedzi, Lucien N.",,MI,,00856,480.0,1685
"Negrete McLeod, Gloria",,CA,,02108,337.0,1686
"Nelligan, James L.",,PA,,00857,249.0,1687
"Nelsen, Ancher",,MN,,00858,134.0,1688
"Nelson, Ben",,NE,,01627,321.0,1689
"Nelson, E. Benjamin",,NE,,01627,714.0,1690
"Nelson, Gaylord",,WI,,01411,822.0,1691
"Nethercutt, George R., Jr.",,WA,,00860,1267.0,1692
"Neumann, Mark W.",,WI,,00861,242.0,1693
"Ney, Robert W.",,OH,,00862,1600.0,1694
"Nichols, Bill",,AL,,00863,1328.0,1695
"Nichols, Dick",,KS,,00864,153.0,1696
"Nickles, Don",,OK,,01412,2294.0,1697
"Nielson, Howard C.",,UT,,00865,1867.0,1698
"Nix, Robert N. C.",,PA,,00866,1046.0,1699
"Northup, Anne M.",,KY,,01508,750.0,1700
"Norwood, Charles W.",,GA,,00869,1847.0,1701
"Nowak, Henry",,NY,,00870,1951.0,1702
"Nunn, Sam",,GA,,01413,2445.0,1703
"Nussle, Jim",,IA,,00871,1001.0,1704
"Nye, Glenn C.",,VA,,01957,338.0,1705
"O'Brien, George M.",,IL,,00872,1370.0,1706
"O'Hara, James G.",,MI,,00873,381.0,1707
"O'Neill, Thomas P., Jr.",,MA,,00874,396.0,1708
"Oakar, Mary Rose",,OH,,00875,3373.0,1709
"Obama, Barack",,IL,,01763,826.0,1710
"Oberstar, James L.",,MN,,00876,6751.0,1711
"Obey, David R.",,WI,,00877,1613.0,1712
"Olin, James R.",,VA,,00878,1215.0,1713
"Olver, John W.",,MA,,00879,3790.0,1714
"Ortiz, Solomon P.",,TX,,00880,3364.0,1715
"Orton, Bill",,UT,,00881,506.0,1716
"Osborne, Tom",,NE,,01658,605.0,1717
"Ose, Doug",,CA,,01585,564.0,1718
"Otter, C. L. (Butch)",,ID,,01646,850.0,1719
"Ottinger, Richard L.",,NY,,00882,3109.0,1720
"Owens, Major R.",,NY,,00883,8209.0,1721
"Owens, Wayne",,UT,,00884,2119.0,1722
"Owens, William L.",,NY,,01974,773.0,1723
"Oxley, Michael G.",,OH,,00885,2704.0,1724
"Packard, Ron",,CA,,00886,2633.0,1725
"Packwood, Bob",,OR,,01414,1844.0,1726
"Panetta, Leon",,CA,,00888,3105.0,1727
"Pappas, Michael",,NJ,,01509,251.0,1728
"Parker, Mike",,MS,,00889,1521.0,1729
"Parris, Stanford E. (Stan)",,VA,,00890,1569.0,1730
"Pashayan, Charles, Jr.",,CA,,00891,1442.0,1731
"Passman, Otto E.",,LA,,00892,49.0,1732
"Pastor, Ed",,AZ,,00893,3330.0,1733
"Pastore, John O.",,RI,,01415,385.0,1734
"Patman, William N.",,TX,,00894,368.0,1735
"Patman, Wright",,TX,,00895,218.0,1736
"Patten, Edward J.",,NJ,,00896,766.0,1737
"Patterson, Elizabeth",,SC,,00897,1069.0,1738
"Patterson, Jerry M.",,CA,,00898,1923.0,1739
"Pattison, Edward W.",,NY,,00899,742.0,1740
"Paul, Ron",,TX,,00900,3804.0,1741
"Paxon, Bill",,NY,,00901,1511.0,1742
"Payne, Donald M.",,NJ,,00902,6501.0,1743
"Payne, Lewis F., Jr.",,VA,,00903,1171.0,1744
"Pearson, James B.",,KS,,01416,239.0,1745
"Pease, Donald J.",,OH,,00904,1452.0,1746
"Pease, Edward A.",,IN,,01511,122.0,1747
"Pell, Claiborne",,RI,,01417,4119.0,1748
"Pence, Mike",,IN,,01649,1747.0,1749
"Penny, Timothy J.",,MN,,00906,2101.0,1750
"Pepper, Claude",,FL,,00907,4473.0,1751
"Percy, Charles H.",,IL,,01418,1517.0,1752
"Perkins, Carl C.",,KY,,00909,1343.0,1753
"Perkins, Carl Dewey",,KY,,00908,1275.0,1754
"Perriello, Thomas S.P.",,VA,,01958,301.0,1755
"Peterson, Douglas (Pete)",,FL,,00911,619.0,1756
"Peterson, John E.",,PA,,01512,1280.0,1757
"Petri, Thomas E.",,WI,,00912,3822.0,1758
"Pettis, Jerry L.",,CA,,00913,260.0,1759
"Pettis, Shirley N.",,CA,,00914,156.0,1760
"Peyser, Peter A.",,NY,,00915,861.0,1761
"Phelps, David D.",,IL,,01586,593.0,1762
"Pickering, Charles W. ""Chip""",,MS,,01513,1646.0,1763
"Pickett, Owen B.",,VA,,00916,1401.0,1764
"Pickle, J. J.",,TX,,00917,1595.0,1765
"Pike, Otis G.",,NY,,00918,226.0,1766
"Platts, Todd Russell",,PA,,01667,2674.0,1767
"Poage, W. R.",,TX,,00919,144.0,1768
"Podell, Bertram L.",,NY,,00920,650.0,1769
"Pombo, Richard W.",,CA,,00921,1296.0,1770
"Pomeroy, Earl",,ND,,00922,1956.0,1771
"Porter, John Edward",,IL,,00923,3595.0,1772
"Porter, Jon C.",,NV,,01739,792.0,1773
"Poshard, Glenn",,IL,,00925,1701.0,1774
"Powell, Walter E.",,OH,,00926,52.0,1775
"Pressler, Larry",,SD,,00927,2919.0,1776
"Preyer, Richardson",,NC,,00928,763.0,1777
"Price, Melvin",,IL,,00929,2076.0,1778
"Price, Robert D.",,TX,,00931,89.0,1779
"Pritchard, Joel",,WA,,00932,1521.0,1780
"Proxmire, William",,WI,,01419,1429.0,1781
"Pryce, Deborah",,OH,,00933,1800.0,1782
"Pryor, David H.",,AR,,01420,2444.0,1783
"Pryor, Mark L.",,AR,,01701,1336.0,1784
"Pursell, Carl D.",,MI,,00934,1738.0,1785
"Putnam, Adam H.",,FL,,01645,1124.0,1786
"Quayle, Benjamin",,AZ,,01993,193.0,1787
"Quayle, Dan",,IN,,00935,1198.0,1788
"Quie, Albert H.",,MN,,00936,733.0,1789
"Quillen, James H. (Jimmy)",,TN,,00937,2805.0,1790
"Quinn, Jack",,NY,,00938,1502.0,1791
"Radanovich, George",,CA,,00939,1547.0,1792
"Radel, Trey",,FL,,02118,172.0,1793
"Rahall, Nick J., II",,WV,,00940,6908.0,1794
"Railsback, Thomas F.",,IL,,00941,986.0,1795
"Ramstad, Jim",,MN,,00942,2768.0,1796
"Randall, William J.",,MO,,00943,266.0,1797
"Randolph, Jennings",,WV,,01421,1850.0,1798
"Rarick, John R.",,LA,,00945,247.0,1799
"Ratchford, William R.",,CT,,00946,1175.0,1800
"Ravenel, Arthur, Jr.",,SC,,00947,1932.0,1801
"Ray, Richard B.",,GA,,00948,924.0,1802
"Redmond, Bill",,NM,,01515,162.0,1803
"Rees, Thomas N.",,CA,,00950,715.0,1804
"Regula, Ralph",,OH,,00951,2402.0,1805
"Rehberg, Dennis R.",,MT,,01657,792.0,1806
"Rehberg, Denny",,MT,,01657,504.0,1807
"Reid, Ogden R.",,NY,,00953,184.0,1808
"Renzi, Rick",,AZ,,01706,758.0,1809
"Reuss, Henry S.",,WI,,00954,805.0,1810
"Reyes, Silvestre",,TX,,01516,2599.0,1811
"Reynolds, Mel",,IL,,00955,353.0,1812
"Reynolds, Thomas M.",,NY,,01587,932.0,1813
"Rhodes, John J.",,AZ,,00957,644.0,1814
"Rhodes, John J., III",,AZ,,00956,987.0,1815
"Ribicoff, Abraham A.",,CT,,01422,827.0,1816
"Richardson, Bill",,NM,,00958,3530.0,1817
"Richardson, Laura",,CA,,01883,1528.0,1818
"Richmond, Frederick W.",,NY,,00959,1820.0,1819
"Ridge, Thomas J.",,PA,,00960,1152.0,1820
"Riegle, Donald W., Jr.",,MI,,00961,4220.0,1821
"Riggs, Frank",,CA,,00962,984.0,1822
"Riley, Bob",,AL,,01517,549.0,1823
"Rinaldo, Matthew J.",,NJ,,00963,3209.0,1824
"Risenhoover, Theodore M.",,OK,,00964,327.0,1825
"Ritter, Don",,PA,,00965,2140.0,1826
"Rivera, David",,FL,,02007,228.0,1827
"Rivers, Lynn N.",,MI,,00966,1521.0,1828
"Robb, Charles S.",,VA,,01423,1494.0,1829
"Roberts, Clint",,SD,,00967,251.0,1830
"Roberts, Ray",,TX,,00969,531.0,1831
"Robinson, J. Kenneth",,VA,,00970,1273.0,1832
"Robinson, Tommy F.",,AR,,00971,1189.0,1833
"Robison, Howard W.",,NY,,00972,160.0,1834
"Rockefeller, John D., IV",,WV,,01424,3705.0,1835
"Rodino, Peter W., Jr.",,NJ,,00973,3263.0,1836
"Rodriguez, Ciro D.",,TX,,01518,1997.0,1837
"Roe, Robert A.",,NJ,,00974,8031.0,1838
"Roemer, Buddy",,LA,,00975,736.0,1839
"Roemer, Tim",,IN,,00976,806.0,1840
"Rogan, James E.",,CA,,01519,385.0,1841
"Rogers, Mike J.",,MI,,01651,1569.0,1842
"Rogers, Paul G.",,FL,,00978,536.0,1843
"Romero-Barcelo, Carlos A.",,PR,,00980,1049.0,1844
"Roncalio, Teno",,WY,,00981,516.0,1845
"Roncallo, Angelo D.",,NY,,00982,239.0,1846
"Rooney, Fred B.",,PA,,00983,532.0,1847
"Rooney, John J.",,NY,,00984,17.0,1848
"Rose, Charlie",,NC,,00986,2793.0,1849
"Rosenthal, Benjamin S.",,NY,,00987,2181.0,1850
"Ross, Mike",,AR,,01632,2085.0,1851
"Rostenkowski, Dan",,IL,,00988,752.0,1852
"Roth Jr., William V.",,DE,,01425,2423.0,1853
"Roth, Toby",,WI,,00989,1557.0,1854
"Rothman, Steven R.",,NJ,,01520,3432.0,1855
"Roukema, Marge",,NJ,,00990,2484.0,1856
"Roush, J. Edward",,IN,,00991,192.0,1857
"Rousselot, John H.",,CA,,00992,951.0,1858
"Rowland, J. Roy",,GA,,00993,1511.0,1859
"Rowland, John G.",,CT,,00994,934.0,1860
"Roy, William R.",,KS,,00995,245.0,1861
"Roybal, Edward R.",,CA,,00996,3341.0,1862
"Royer, William",,CA,,00999,166.0,1863
"Rudd, Eldon D.",,AZ,,01000,972.0,1864
"Rudman, Warren",,NH,,01426,565.0,1865
"Runnels, Harold L.",,NM,,01001,374.0,1866
"Runyan, Jon",,NJ,,02039,385.0,1867
"Ruppe, Philip E.",,MI,,01002,469.0,1868
"Russo, Martin A.",,IL,,01004,1559.0,1869
"Ruth, Earl B.",,NC,,01005,14.0,1870
"Ryan, Leo J.",,CA,,01006,683.0,1871
"Ryan, Timothy J.",,OH,,01756,217.0,1872
"Ryun, Jim",,KS,,01521,919.0,1873
"Sabo, Martin Olav",,MN,,01007,3442.0,1874
"Saiki, Patricia",,HI,,01008,828.0,1875
"Salazar, John T.",,CO,,01775,853.0,1876
"Salazar, Ken",,CO,,01762,786.0,1877
"Sali, Bill",,ID,,01847,321.0,1878
"Sandlin, Max",,TX,,01523,1528.0,1879
"Sandman, Charles W., Jr.",,NJ,,01011,116.0,1880
"Sanford, Marshall (Mark)",,SC,,01012,340.0,1881
"Sanford, Terry",,NC,,01427,1168.0,1882
"Sangmeister, George E.",,IL,,01013,799.0,1883
"Santini, James D.",,NV,,01014,711.0,1884
"Santorum, Rick",,PA,,01015,2092.0,1885
"Sarasin, Ronald A.",,CT,,01016,622.0,1886
"Sarbanes, Paul S.",,MD,,01017,4133.0,1887
"Sarpalius, Bill",,TX,,01018,801.0,1888
"Sasser, Jim",,TN,,01428,2026.0,1889
"Satterfield, David E., III",,VA,,01019,425.0,1890
"Savage, Gus",,IL,,01020,2138.0,1891
"Sawyer, Harold S.",,MI,,01021,857.0,1892
"Sawyer, Thomas C.",,OH,,01022,1447.0,1893
"Sawyer, Tom",,OH,,01022,426.0,1894
"Saxbe, William B.",,OH,,01429,27.0,1895
"Saxton, Jim",,NJ,,01023,4100.0,1896
"Saylor, John P.",,PA,,01024,170.0,1897
"Scarborough, Joe",,FL,,01025,645.0,1898
"Schaefer, Dan",,CO,,01026,1718.0,1899
"Schaffer, Bob",,CO,,01524,1055.0,1900
"Schauer, Mark H.",,MI,,01928,291.0,1901
"Schenk, Lynn",,CA,,01027,231.0,1902
"Scherle, William J.",,IA,,01028,151.0,1903
"Scheuer, James H.",,NY,,01029,4726.0,1904
"Schiff, Steven",,NM,,01030,1264.0,1905
"Schilling, Robert T.",,IL,,02016,221.0,1906
"Schmidt, Jean",,OH,,01815,840.0,1907
"Schmitt, Harrison H.",,NM,,01430,689.0,1908
"Schneebeli, Herman T.",,PA,,01031,200.0,1909
"Schneider, Bradley S.",,IL,,02124,219.0,1910
"Schneider, Claudine",,RI,,01032,1688.0,1911
"Schrock, Edward L.",,VA,,01673,476.0,1912
"Schroeder, Patricia",,CO,,01033,3343.0,1913
"Schuette, Bill",,MI,,01034,1234.0,1914
"Schulze, Richard T.",,PA,,01035,1106.0,1915
"Schwartz, Allyson Y.",,PA,,01798,1692.0,1916
"Schwarz, John J.H. ""Joe""",,MI,,01788,311.0,1917
"Schweiker, Richard S.",,PA,,01431,654.0,1918
"Scott, Hugh",,PA,,01432,632.0,1919
"Scott, William Lloyd",,VA,,01433,198.0,1920
"Seastrand, Andrea H.",,CA,,01038,221.0,1921
"Sebelius, Keith G.",,KS,,01039,885.0,1922
"Seiberling, John F.",,OH,,01040,2586.0,1923
"Sekula Gibbs, Shelley",,TX,,01819,8.0,1924
"Sensenbrenner,  James, Jr.",,WI,,01041,2218.0,1925
"Sestak, Joe",,PA,,01874,1381.0,1926
"Seymour, John",,CA,,01434,406.0,1927
"Shadegg, John B.",,AZ,,01043,1609.0,1928
"Shamansky, Bob",,OH,,01044,228.0,1929
"Shannon, James M.",,MA,,01045,518.0,1930
"Sharp, Philip R.",,IN,,01046,1176.0,1931
"Shaw, E. Clay, Jr.",,FL,,01047,3122.0,1932
"Shays, Christopher",,CT,,01048,4963.0,1933
"Shea-Porter, Carol",,NH,,01861,1708.0,1934
"Shepherd, Karen",,UT,,01050,260.0,1935
"Sherwood, Don",,PA,,01589,354.0,1936
"Shipley, George E.",,IL,,01051,147.0,1937
"Shoup, Dick",,MT,,01052,140.0,1938
"Shows, Ronnie",,MS,,01565,996.0,1939
"Shriver, Garner E.",,KS,,01053,198.0,1940
"Shuler, Heath",,NC,,01859,961.0,1941
"Shumway, Norman D.",,CA,,01054,1826.0,1942
"Shuster, Bud",,PA,,01055,1170.0,1943
"Sikes, Robert L. F.",,FL,,01056,412.0,1944
"Sikorski, Gerry E.",,MN,,01057,1929.0,1945
"Siljander, Mark D.",,MI,,01058,785.0,1946
"Simmons, Rob",,CT,,01642,1303.0,1947
"Simon, Paul",,IL,,01059,5671.0,1948
"Simpson, Alan K.",,WY,,01435,1892.0,1949
"Sisisky, Norman",,VA,,01060,1829.0,1950
"Sisk, B. F.",,CA,,01061,664.0,1951
"Skaggs, David E.",,CO,,01062,1042.0,1952
"Skeen, Joe",,NM,,01063,2639.0,1953
"Skelton, Ike",,MO,,01064,3650.0,1954
"Skubitz, Joe",,KS,,01065,277.0,1955
"Slack, John",,WV,,01066,238.0,1956
"Slattery, Jim",,KS,,01067,1727.0,1957
"Slaughter, D. French, Jr.",,VA,,01068,580.0,1958
"Smith, Albert L., Jr.",,AL,,01070,243.0,1959
"Smith, Bob",,NH,,01082,2271.0,1960
"Smith, Denny",,OR,,01072,1300.0,1961
"Smith, Gordon H.",,OR,,01549,1772.0,1962
"Smith, Henry P., III",,NY,,01073,86.0,1963
"Smith, Joseph F.",,PA,,01074,261.0,1964
"Smith, Larkin",,MS,,01076,183.0,1965
"Smith, Lawrence",,FL,,01077,3659.0,1966
"Smith, Linda",,WA,,01078,295.0,1967
"Smith, Neal Edward",,IA,,01079,1131.0,1968
"Smith, Nick",,MI,,01080,920.0,1969
"Smith, Peter",,VT,,01081,367.0,1970
"Smith, Robert",,OR,,01083,1330.0,1971
"Smith, Virginia",,NE,,01084,1058.0,1972
"Snowbarger, Vince",,KS,,01529,224.0,1973
"Snowe, Olympia J.",,ME,,01085,5436.0,1974
"Snyder, M. G. (Gene)",,KY,,01086,988.0,1975
"Snyder, Vic",,AR,,01530,1649.0,1976
"Sodrel, Michael E.",,IN,,01783,134.0,1977
"Solarz, Stephen J.",,NY,,01087,4042.0,1978
"Solis, Hilda L.",,CA,,01636,1908.0,1979
"Solomon, Gerald B. H.",,NY,,01088,4586.0,1980
"Souder, Mark E.",,IN,,01089,3145.0,1981
"Southerland, Steve II",,FL,,02000,472.0,1982
"Space, Zachary T.",,OH,,01871,730.0,1983
"Sparkman, John J.",,AL,,01436,539.0,1984
"Specter, Arlen",,PA,,01437,4331.0,1985
"Spellman, Gladys Noon",,MD,,01090,1724.0,1986
"Spence, Floyd",,SC,,01091,2928.0,1987
"Spratt, John M., Jr.",,SC,,01092,3191.0,1988
"St Germain, Fernand J.",,RI,,01093,1954.0,1989
"Stack, Edward J.",,FL,,01094,198.0,1990
"Stafford, Robert T.",,VT,,01438,1773.0,1991
"Staggers, Harley O.",,WV,,01096,618.0,1992
"Staggers, Harley O., Jr.",,WV,,01095,1525.0,1993
"Stallings, Richard H.",,ID,,01097,1306.0,1994
"Stangeland, Arlan",,MN,,01098,2113.0,1995
"Stanton, J. William",,OH,,01099,552.0,1996
"Stanton, James V.",,OH,,01100,228.0,1997
"Stark, Fortney Pete",,CA,,01101,9720.0,1998
"Staton, David Michael",,WV,,01102,126.0,1999
"Stearns, Cliff",,FL,,01103,2893.0,2000
"Steed, Tom",,OK,,01104,318.0,2001
"Steele, Robert H.",,CT,,01105,252.0,2002
"Steelman, Alan",,TX,,01106,421.0,2003
"Steers, Newton I., Jr.",,MD,,01107,426.0,2004
"Steiger, Sam",,AZ,,01108,226.0,2005
"Steiger, William A.",,WI,,01109,511.0,2006
"Stenholm, Charles W.",,TX,,01110,3297.0,2007
"Stennis, John C.",,MS,,01439,1023.0,2008
"Stephens, Robert G., Jr.",,GA,,01111,197.0,2009
"Stevens, Ted",,AK,,01440,4456.0,2010
"Stevenson, Adlai E., III",,IL,,01441,608.0,2011
"Stewart, Bennett McVey",,IL,,01112,93.0,2012
"Stewart, Donald",,AL,,01442,185.0,2013
"Stockman, David A.",,MI,,01113,328.0,2014
"Stockman, Steve",,TX,,01114,623.0,2015
"Stokes, Louis",,OH,,01115,4688.0,2016
"Stone, Richard (Dick)",,FL,,01443,539.0,2017
"Strang, Michael L.",,CO,,01116,313.0,2018
"Stratton, Samuel S.",,NY,,01117,1215.0,2019
"Strickland, Ted",,OH,,01118,1647.0,2020
"Stubblefield, Frank A.",,KY,,01119,80.0,2021
"Stuckey, W. S. (Bill), Jr.",,GA,,01120,170.0,2022
"Studds, Gerry E.",,MA,,01121,3625.0,2023
"Stump, Bob",,AZ,,01122,3584.0,2024
"Stupak, Bart",,MI,,01123,2917.0,2025
"Sullivan, John",,OK,,01689,1033.0,2026
"Sullivan, Leonor K. (Mrs. John B.)",,MO,,01124,329.0,2027
"Sundquist, Don",,TN,,01125,1608.0,2028
"Sunia, Foto I. F.",,AS,,01126,1772.0,2029
"Sununu, John E.",,NH,,01532,958.0,2030
"Sutton, Betty",,OH,,01870,1600.0,2031
"Sweeney, David McCann",,TX,,01127,262.0,2032
"Sweeney, John E.",,NY,,01591,994.0,2033
"Swett, Dick",,NH,,01128,685.0,2034
"Swift, Al",,WA,,01129,1717.0,2035
"Swindall, Patrick L.",,GA,,01130,731.0,2036
"Symington, James W.",,MO,,01131,509.0,2037
"Symington, Stuart",,MO,,01444,150.0,2038
"Symms, Steven D.",,ID,,01132,2708.0,2039
"Synar, Mike",,OK,,01133,1952.0,2040
"Taft, Robert, Jr.",,OH,,01445,402.0,2041
"Talcott, Burt L.",,CA,,01134,327.0,2042
"Talent, Jim",,MO,,01135,1458.0,2043
"Tallon, Robert M. (Robin)",,SC,,01136,2234.0,2044
"Talmadge, Herman E.",,GA,,01446,509.0,2045
"Tancredo, Thomas G.",,CO,,01592,1642.0,2046
"Tanner, John S.",,TN,,01137,1749.0,2047
"Tate, Randy",,WA,,01138,144.0,2048
"Tauke, Thomas Joseph",,IA,,01139,2239.0,2049
"Tauscher, Ellen O.",,CA,,01533,2240.0,2050
"Tauzin, W. J. (Billy)",,LA,,01140,2702.0,2051
"Taylor, Charles H.",,NC,,01141,1336.0,2052
"Taylor, G.",,MO,,01143,806.0,2053
"Taylor, Gene",,MS,,01142,1927.0,2054
"Taylor, Roy A.",,NC,,01144,212.0,2055
"Teague, Charles M.",,CA,,01145,62.0,2056
"Teague, Harry",,NM,,01938,297.0,2057
"Teague, Olin E.",,TX,,01146,557.0,2058
"Tejeda, Frank",,TX,,01147,263.0,2059
"Terry, Lee",,NE,,01566,2809.0,2060
"Thomas, Craig",,WY,,01149,1839.0,2061
"Thomas, Lindsay",,GA,,01150,1426.0,2062
"Thomas, William M.",,CA,,01148,1965.0,2063
"Thompson, Frank, Jr.",,NJ,,01152,1074.0,2064
"Thompson, Fred",,TN,,01447,371.0,2065
"Thomson, Vernon W.",,WI,,01153,102.0,2066
"Thone, Charles",,NE,,01154,740.0,2067
"Thornton, Ray",,AR,,01156,384.0,2068
"Thune, John R.",,SD,,01534,427.0,2069
"Thurman, Karen L.",,FL,,01157,2165.0,2070
"Thurmond, Strom",,SC,,01448,5023.0,2071
"Tiahrt, Todd",,KS,,01158,1716.0,2072
"Tiernan, Robert O.",,RI,,01159,428.0,2073
"Tierney, John F.",,MA,,01535,2899.0,2074
"Tonry, Richard A.",,LA,,01160,76.0,2075
"Toomey, Patrick J.",,PA,,02085,497.0,2076
"Torkildsen, Peter G.",,MA,,01161,620.0,2077
"Torres, Estaban Edward",,CA,,01162,2741.0,2078
"Torricelli, Robert G.",,NJ,,01163,3890.0,2079
"Towell, David",,NV,,01164,114.0,2080
"Tower, John G.",,TX,,01449,1214.0,2081
"Towns, Edolphus",,NY,,01165,10031.0,2082
"Traficant, James A., Jr.",,OH,,01166,3770.0,2083
"Traxler, Bob",,MI,,01167,2773.0,2084
"Treen, David C.",,LA,,01168,710.0,2085
"Trible, Paul S., Jr.",,VA,,01169,1239.0,2086
"Tsongas, Paul E.",,MA,,01170,1288.0,2087
"Tucker, James G., Jr. (Jim Guy)",,AR,,01171,114.0,2088
"Tucker, Walter R., III",,CA,,01172,331.0,2089
"Tunney, John V.",,CA,,01450,680.0,2090
"Turner, Jim",,TX,,01536,885.0,2091
"Turner, Robert L.",,NY,,02091,147.0,2092
"Udall, Mark",,CO,,01595,2837.0,2093
"Udall, Morris K.",,AZ,,01173,2759.0,2094
"Ullman, Al",,OR,,01174,423.0,2095
"Underwood, Robert A.",,GU,,01175,1482.0,2096
"Unsoeld, Jolene",,WA,,01176,1650.0,2097
"Valentine, Tim",,NC,,01178,2092.0,2098
"Van Deerlin, Lionel",,CA,,01179,524.0,2099
"Vander Jagt, Guy",,MI,,01180,2525.0,2100
"Vander Veen, Richard F.",,MI,,01181,271.0,2101
"Vandergriff, Tommy J.",,TX,,01182,471.0,2102
"Vanik, Charles A.",,OH,,01183,408.0,2103
"Vento, Bruce F.",,MN,,01185,5537.0,2104
"Veysey, Victor V.",,CA,,01186,216.0,2105
"Vigorito, Joseph P.",,PA,,01187,297.0,2106
"Voinovich, George V.",,OH,,01575,1305.0,2107
"Volkmer, Harold L.",,MO,,01189,2137.0,2108
"Vucanovich, Barbara F.",,NV,,01190,2276.0,2109
"Waggonner, Joe D., Jr.",,LA,,01191,443.0,2110
"Walberg, Timothy",,MI,,01855,416.0,2111
"Waldholtz, Enid Greene",,UT,,01192,175.0,2112
"Waldie, Jerome R.",,CA,,01193,420.0,2113
"Waldon, Alton R., Jr.",,NY,,01194,63.0,2114
"Walgren, Doug",,PA,,01195,2699.0,2115
"Walker, Robert S.",,PA,,01196,1884.0,2116
"Wallop, Malcolm",,WY,,01451,1490.0,2117
"Walsh, James T.",,NY,,01197,3735.0,2118
"Walsh, Joe",,IL,,02012,275.0,2119
"Walsh, John E.",,MT,,02198,155.0,2120
"Walsh, William F.",,NY,,01198,668.0,2121
"Wamp, Zach",,TN,,01199,2316.0,2122
"Wampler, William C.",,VA,,01200,616.0,2123
"Ward, Mike",,KY,,01201,136.0,2124
"Ware, John H.",,PA,,01202,155.0,2125
"Warner, John",,VA,,01452,3482.0,2126
"Washington, Craig A.",,TX,,01203,623.0,2127
"Washington, Harold",,IL,,01204,407.0,2128
"Watkins, Wes",,OK,,01206,1801.0,2129
"Watson, Diane E.",,CA,,01682,2411.0,2130
"Watt, Melvin L.",,NC,,01207,2345.0,2131
"Watts, J. C., Jr.",,OK,,01208,1066.0,2132
"Waxman, Henry A.",,CA,,01209,8776.0,2133
"Weaver, James H.",,OR,,01210,2259.0,2134
"Webb, Jim",,VA,,01822,460.0,2135
"Weber, Ed",,OH,,01211,222.0,2136
"Weber, Vin",,MN,,01212,1985.0,2137
"Weicker, Lowell P., Jr.",,CT,,01453,1412.0,2138
"Weiner, Anthony D.",,NY,,01597,2592.0,2139
"Weiss, Ted",,NY,,01213,4659.0,2140
"Weldon, Curt",,PA,,01214,2727.0,2141
"Weldon, Dave",,FL,,01215,1757.0,2142
"Weller, Jerry",,IL,,01216,1761.0,2143
"Wellstone, Paul D.",,MN,,01454,1611.0,2144
"West, Allen B.",,FL,,02005,324.0,2145
"Wexler, Robert",,FL,,01537,3656.0,2146
"Weygand, Robert A.",,RI,,01538,517.0,2147
"Whalen, Charles W., Jr.",,OH,,01217,431.0,2148
"Wheat, Alan",,MO,,01218,1892.0,2149
"White, Richard C.",,TX,,01219,546.0,2150
"White, Rick",,WA,,01220,148.0,2151
"Whitehurst, G. William",,VA,,01221,3205.0,2152
"Whitley, Charles O., Sr.",,NC,,01223,664.0,2153
"Whittaker, Bob",,KS,,01224,1551.0,2154
"Whitten, Jamie L.",,MS,,01225,1199.0,2155
"Widnall, William B.",,NJ,,01227,105.0,2156
"Wiggins, Charles E.",,CA,,01228,147.0,2157
"Williams, Harrison A., Jr.",,NJ,,01455,1351.0,2158
"Williams, Lawrence G.",,PA,,01229,144.0,2159
"Williams, Lyle",,OH,,01230,544.0,2160
"Williams, Pat",,MT,,01231,2106.0,2161
"Wilson, Charles",,TX,,01232,4682.0,2162
"Wilson, Charles A.",,OH,,01869,592.0,2163
"Wilson, Charles H.",,CA,,01233,1167.0,2164
"Wilson, Heather",,NM,,01539,888.0,2165
"Wilson, Pete",,CA,,01456,1558.0,2166
"Wilson, Robert C.",,CA,,01234,771.0,2167
"Winn, Larry, Jr.",,KS,,01235,1981.0,2168
"Wirth, Timothy",,CO,,01236,2738.0,2169
"Wise, Robert E., Jr.",,WV,,01237,2434.0,2170
"Wofford, Harris",,PA,,01457,626.0,2171
"Wolf, Frank R.",,VA,,01238,5834.0,2172
"Wolff, Lester L.",,NY,,01239,1494.0,2173
"Wolpe, Howard E.",,MI,,01240,3652.0,2174
"Won Pat, Antonio B.",,GU,,01241,2561.0,2175
"Woolsey, Lynn C.",,CA,,01242,5679.0,2176
"Wortley, George C.",,NY,,01243,2267.0,2177
"Wright, James C., Jr.",,TX,,01244,858.0,2178
"Wu, David",,OR,,01598,2329.0,2179
"Wyatt, Joe, Jr.",,TX,,01245,178.0,2180
"Wyatt, Wendell",,OR,,01246,112.0,2181
"Wydler, John W.",,NY,,01248,356.0,2182
"Wylie, Chalmers P.",,OH,,01249,1687.0,2183
"Wyman, Louis C.",,NH,,01250,118.0,2184
"Wynn, Albert Russell",,MD,,01251,3672.0,2185
"Yates, Sidney R.",,IL,,01252,2919.0,2186
"Yatron, Gus",,PA,,01253,3560.0,2187
"Young, Andrew",,GA,,01254,378.0,2188
"Young, C. W. Bill",,FL,,01255,3780.0,2189
"Young, Edward",,SC,,01257,75.0,2190
"Young, John",,TX,,01258,136.0,2191
"Young, Milton R.",,ND,,01458,613.0,2192
"Young, Robert A.",,MO,,01259,1274.0,2193
"Young, Samuel H.",,IL,,01260,147.0,2194
"Zablocki, Clement J.",,WI,,01261,672.0,2195
"Zeferetti, Leo C.",,NY,,01262,1171.0,2196
"Zeliff, William H., Jr.",,NH,,01263,1101.0,2197
"Zimmer, Dick",,NJ,,01264,1191.0,2198
"Zion, Roger H.",,IN,,01265,60.0,2199
"Zorinsky, Edward",,NE,,01459,1314.0,2200
"Zschau, Edwin V. W.",,CA,,01266,299.0,2201
"Zwach, John M.",,MN,,01267,186.0,2202
"de Lugo, Ron",,VI,,00275,3604.0,2203
"de la Garza, E.",,TX,,00276,2645.0,2204
"du Pont, Pierre S., IV",,DE,,00319,261.0,2205
